,Top1,Top2,Top3,Top4,Top5,Top6,Top7,Top8,Top9,Top10
SAP18,Rectum,LungAd,Liver,LungAd,Breast,Uterus,Uterus,Kidney,LungAd,Bladder
DMAP1,Liver,Rectum,LungAd,Breast,LungAd,Uterus,Kidney,Liver,Cervix,Stomach
RARB,Rectum,Liver,Breast,LungAd,Kidney,Breast,LungAd,Esophagus,LungAd,Bladder
TFDP2,Breast,LungAd,Rectum,Liver,Liver,Bladder,LungAd,Esophagus,Kidney,LungAd
KIF7,Breast,LungAd,LungAd,Rectum,Kidney,Cervix,Liver,Esophagus,Breast,Liver
SMC2,LungAd,Kidney,Rectum,Liver,Esophagus,LungAd,Breast,Liver,Bladder,Prostate
SIN3B,Liver,LungAd,Rectum,LungAd,Kidney,Breast,LungAd,Kidney,Esophagus,Bladder
LBR,Liver,Breast,Rectum,Stomach,Kidney,LungAd,Liver,Kidney,LungAd,LungSc
PCGF5,LungAd,Breast,Liver,Rectum,Liver,Esophagus,Kidney,Bladder,Stomach,HeadNeck
RRAS,Liver,Kidney,Rectum,Esophagus,LungAd,Breast,Liver,LungAd,Bladder,LungAd
WBP4,Rectum,LungAd,Breast,Kidney,Bladder,Breast,Liver,Kidney,LungAd,Liver
MEF2C,Rectum,LungAd,Breast,Bladder,Kidney,Breast,Liver,Kidney,Liver,LungAd
ELL2,Rectum,Liver,LungAd,Breast,Breast,LungAd,Uterus,Kidney,Cervix,Kidney
HMGB2,LungAd,Esophagus,Kidney,Liver,Rectum,LungAd,Breast,Prostate,Bladder,Liver
PPARA,Liver,Rectum,Breast,Esophagus,Liver,LungAd,Bladder,LungAd,Kidney,Stomach
MED15,Liver,Rectum,Kidney,Breast,Breast,Esophagus,Liver,LungAd,LungAd,Bladder
PDS5B,Rectum,Kidney,Breast,LungAd,Liver,Esophagus,LungAd,Liver,Bladder,LungAd
NPAT,Rectum,Kidney,Liver,Breast,LungAd,LungAd,Prostate,Breast,Esophagus,Bladder
SCML2,Rectum,Breast,Liver,Breast,Kidney,LungAd,Bladder,Bladder,HeadNeck,Liver
DTL,Rectum,Liver,Liver,Esophagus,Kidney,Breast,Bladder,Breast,LungAd,LungAd
SRSF6,Rectum,Liver,Kidney,Liver,Breast,LungAd,Bladder,Kidney,Esophagus,LungAd
DSN1,Rectum,Liver,Liver,Breast,Esophagus,LungAd,Kidney,Bladder,LungAd,Prostate
MAML2,Rectum,Kidney,Liver,LungAd,Breast,LungAd,Prostate,Esophagus,Bladder,Liver
UIMC1,Liver,Breast,Rectum,Liver,LungAd,Bladder,Esophagus,HeadNeck,Kidney,Stomach
NEK7,Kidney,Rectum,LungAd,LungAd,Prostate,Breast,Breast,Esophagus,Liver,LungAd
RYBP,Liver,Rectum,Kidney,LungAd,Esophagus,Breast,Liver,Breast,Bladder,LungAd
PIN1,Rectum,Kidney,LungAd,Breast,LungAd,LungAd,Liver,Bladder,Cervix,HeadNeck
TFAP4,Rectum,Liver,Liver,Kidney,Esophagus,LungAd,Bladder,Breast,Prostate,LungAd
KLHL9,Rectum,Liver,LungAd,LungAd,Kidney,Uterus,Breast,Kidney,Liver,Cervix
HAND2,Breast,Rectum,LungAd,Liver,LungAd,LungAd,Breast,Liver,Bladder,Kidney
BRAP,Rectum,Liver,Liver,Breast,Esophagus,LungAd,Bladder,Kidney,Breast,HeadNeck
SSRP1,Kidney,Rectum,Liver,LungAd,Breast,Liver,Esophagus,Bladder,HeadNeck,LungAd
TOE1,Rectum,Kidney,Bladder,LungAd,Breast,Liver,HeadNeck,Prostate,LungAd,Esophagus
SOCS3,Liver,Rectum,Liver,Breast,Esophagus,LungAd,HeadNeck,Bladder,Kidney,Stomach
LDB2,Rectum,Breast,Liver,Kidney,Bladder,LungAd,HeadNeck,LungAd,Liver,LungAd
NHEJ1,Liver,Colon,Rectum,LungAd,Breast,Liver,HeadNeck,Bladder,Esophagus,HeadNeck
RERE,Rectum,Liver,LungAd,Kidney,Breast,Esophagus,Liver,Bladder,Prostate,LungAd
NR1H4,Liver,Rectum,Breast,Breast,Liver,Kidney,LungAd,Esophagus,Bladder,LungAd
FGR,Liver,Esophagus,Rectum,Liver,LungAd,Kidney,Breast,Breast,Bladder,Stomach
MEX3B,Breast,Bladder,Breast,Colon,Liver,Rectum,Kidney,LungAd,Esophagus,LungAd
KMT2E,Rectum,Liver,Breast,Liver,Kidney,Esophagus,Bladder,LungAd,LungAd,Colon
MCM10,Liver,Rectum,Breast,Liver,Bladder,Esophagus,LungAd,Kidney,LungAd,Uterus
SLX4,Rectum,Liver,Breast,Liver,Bladder,LungAd,Esophagus,HeadNeck,Kidney,LungAd
RAC3,Rectum,Liver,Breast,Liver,Bladder,LungAd,Esophagus,LungAd,Kidney,Uterus
STAG3,Breast,Rectum,Liver,Liver,Esophagus,Bladder,LungAd,Uterus,LungAd,HeadNeck
GRM1,Liver,Breast,Liver,Esophagus,Rectum,LungSc,Bladder,LungAd,LungAd,HeadNeck
KIF9,Bladder,Esophagus,HeadNeck,HeadNeck,Colon,LungSc,Rectum,Liver,LungAd,HeadNeck
NOS3,Liver,Rectum,Breast,Liver,Esophagus,Breast,LungAd,HeadNeck,LungAd,LungAd
PMS1,Rectum,Liver,Liver,Bladder,Kidney,Breast,LungAd,LungAd,Colon,Esophagus
NUBP2,Liver,Breast,Rectum,LungAd,Liver,Kidney,Breast,Esophagus,Bladder,LungAd
PRDX1,Rectum,Liver,Breast,Liver,Bladder,Kidney,LungAd,Esophagus,LungAd,LungSc
E2F5,Rectum,Liver,Liver,HeadNeck,Breast,Esophagus,Kidney,Bladder,LungAd,LungAd
FOXL1,Rectum,Kidney,Liver,Colon,Breast,Bladder,Liver,LungAd,Esophagus,LungAd
WASF1,Rectum,Bladder,Liver,Kidney,LungAd,Liver,Breast,Colon,LungAd,Esophagus
NFX1,Liver,Liver,Bladder,Rectum,LungAd,Breast,Esophagus,HeadNeck,LungSc,Thyroid
REPS1,Liver,Liver,Rectum,Bladder,Esophagus,LungAd,Breast,LungSc,Kidney,Prostate
PSME4,Rectum,Bladder,HeadNeck,Colon,Liver,Kidney,LungAd,HeadNeck,LungAd,Kidney
SDC1,Rectum,Colon,HeadNeck,Liver,Bladder,HeadNeck,Kidney,HeadNeck,Esophagus,Breast
ZW10,Rectum,Bladder,Liver,Colon,Breast,Kidney,HeadNeck,LungAd,HeadNeck,LungAd
PNKP,Rectum,Kidney,Bladder,Liver,LungAd,Colon,Breast,Liver,LungAd,Cervix
EBP,Liver,LungAd,Uterus,Colon,Kidney,Esophagus,Thyroid,LungSc,Rectum,Prostate
COQ6,LungAd,Uterus,LungSc,Esophagus,Kidney,Liver,Thyroid,Kidney,HeadNeck,Rectum
TONSL,LungAd,Liver,Uterus,Esophagus,Kidney,Thyroid,Cervix,LungSc,HeadNeck,Prostate
ACOX1,LungAd,Uterus,Liver,LungSc,Esophagus,Kidney,Colon,Kidney,Thyroid,Rectum
TIMP2,LungAd,Uterus,Colon,Kidney,LungSc,Rectum,Esophagus,Liver,HeadNeck,Thyroid
BBS1,LungAd,Uterus,LungSc,Kidney,Liver,Esophagus,Kidney,Colon,Rectum,Thyroid
TWSG1,Kidney,Esophagus,HeadNeck,Rectum,Esophagus,LungSc,Uterus,Thyroid,Rectum,Colon
APOC3,LungAd,Liver,Uterus,Kidney,Esophagus,Colon,Thyroid,LungSc,Prostate,Bladder
SMAD1,LungAd,Kidney,Uterus,Liver,Colon,LungSc,Thyroid,Kidney,Esophagus,HeadNeck
NOTUM,LungAd,Colon,Kidney,Liver,Thyroid,Esophagus,Uterus,Prostate,LungSc,Bladder
AP3B1,LungAd,Liver,Esophagus,Uterus,Kidney,Thyroid,LungSc,Colon,Prostate,Prostate
SMC1B,LungAd,Liver,Kidney,Esophagus,LungSc,HeadNeck,Uterus,HeadNeck,Thyroid,Colon
GRIA3,LungAd,Uterus,Esophagus,Kidney,LungSc,Kidney,Thyroid,Liver,Colon,Rectum
CD59,Kidney,LungAd,Esophagus,Uterus,Thyroid,Colon,LungSc,Rectum,Liver,HeadNeck
APOA2,LungAd,Kidney,Uterus,Colon,Esophagus,LungSc,Kidney,Thyroid,Liver,Rectum
BBS7,LungAd,Uterus,Kidney,Colon,Liver,Esophagus,Kidney,LungSc,Prostate,Rectum
AP3D1,Esophagus,Kidney,LungAd,Liver,Thyroid,HeadNeck,Bladder,Stomach,Uterus,LungSc
DLG2,LungAd,Kidney,Uterus,Esophagus,Liver,LungSc,Thyroid,Kidney,Colon,Rectum
ABCD3,LungAd,Uterus,Liver,Esophagus,Kidney,Kidney,LungSc,Colon,Thyroid,Rectum
CXCL5,LungAd,Uterus,Liver,Esophagus,Kidney,Kidney,LungSc,Thyroid,Colon,Rectum
AP3M1,LungAd,Esophagus,Liver,Kidney,Uterus,Thyroid,Prostate,Colon,LungSc,Stomach
AP3S2,LungAd,Esophagus,Liver,Kidney,Uterus,Thyroid,Prostate,Colon,LungSc,Stomach
CCL28,LungAd,Uterus,Liver,Esophagus,Kidney,Kidney,Colon,Thyroid,LungSc,Rectum
SAP30,LungAd,Kidney,Liver,Uterus,Esophagus,Thyroid,Kidney,HeadNeck,Rectum,Thyroid
ANXA7,LungAd,Liver,Thyroid,Kidney,Esophagus,Colon,Uterus,HeadNeck,Stomach,LungSc
EGFR,LungAd,Kidney,Uterus,LungSc,Prostate,Kidney,Thyroid,Esophagus,Liver,LungAd
ARRB2,LungAd,LungAd,Kidney,Uterus,Kidney,Esophagus,Liver,LungAd,Colon,Prostate
RAD18,LungAd,Kidney,Uterus,Liver,Esophagus,Thyroid,Kidney,LungSc,Colon,Thyroid
CENPB,LungAd,Uterus,LungSc,Esophagus,Kidney,Liver,Thyroid,LungAd,Colon,Kidney
C2CD3,LungAd,Uterus,Kidney,Colon,LungSc,Kidney,Esophagus,Prostate,Liver,Rectum
CCL13,LungAd,Kidney,Uterus,Esophagus,Liver,Colon,Thyroid,Kidney,LungSc,Prostate
BBS4,LungAd,Uterus,Liver,Kidney,Esophagus,Kidney,Thyroid,Colon,LungSc,Rectum
DHRS4,LungAd,Liver,Uterus,Esophagus,Kidney,LungSc,Thyroid,Kidney,Colon,HeadNeck
FLNC,LungAd,Kidney,Uterus,LungSc,Esophagus,Colon,Thyroid,Kidney,Liver,Rectum
MECP2,LungAd,Kidney,Uterus,Esophagus,LungSc,Liver,LungAd,Colon,Prostate,Kidney
AP2M1,LungAd,LungAd,Kidney,Uterus,Kidney,LungAd,Prostate,Liver,Colon,Esophagus
CD3D,LungAd,Uterus,Kidney,Esophagus,LungSc,Kidney,Liver,Thyroid,Colon,Rectum
AP2A2,LungAd,Colon,Liver,Uterus,Esophagus,Kidney,Thyroid,LungSc,HeadNeck,Kidney
MATN2,Kidney,Colon,Esophagus,LungAd,Liver,Uterus,LungSc,Rectum,Thyroid,HeadNeck
BBS2,LungAd,Uterus,Kidney,Liver,Kidney,Colon,LungSc,Esophagus,Rectum,Thyroid
CCL7,LungAd,Kidney,Uterus,Esophagus,Liver,Colon,Thyroid,LungSc,Kidney,Prostate
AMPH,Esophagus,Kidney,Thyroid,HeadNeck,LungAd,Liver,Stomach,Uterus,LungSc,Prostate
DDX47,Kidney,Colon,Esophagus,Liver,Prostate,Rectum,Uterus,HeadNeck,Thyroid,Stomach
MYH10,LungAd,LungSc,Kidney,Uterus,Kidney,Esophagus,Colon,Thyroid,Liver,LungAd
DCTN6,LungAd,LungSc,Kidney,Liver,Esophagus,Thyroid,Uterus,Colon,Stomach,HeadNeck
EPHA2,LungAd,Kidney,Colon,Uterus,Liver,Kidney,Thyroid,Esophagus,LungSc,HeadNeck
CUL5,LungAd,Kidney,Uterus,LungSc,Esophagus,Liver,Colon,LungAd,Prostate,Kidney
AHI1,LungAd,Liver,Uterus,Kidney,Esophagus,Kidney,Thyroid,Colon,LungSc,Prostate
BIRC5,LungAd,Liver,Kidney,Esophagus,Uterus,Kidney,Thyroid,Colon,LungAd,LungSc
ALMS1,LungAd,Kidney,Liver,Uterus,Colon,Kidney,Esophagus,Thyroid,LungSc,HeadNeck
MCM2,LungAd,LungSc,Esophagus,Liver,Uterus,Kidney,Colon,Thyroid,Kidney,Prostate
KIF23,LungAd,Kidney,LungSc,Uterus,Colon,Esophagus,Kidney,Thyroid,Liver,HeadNeck
ACTN2,LungAd,Uterus,Kidney,Liver,Esophagus,Kidney,LungSc,Colon,Thyroid,LungAd
TPM1,LungAd,Kidney,Uterus,Liver,Colon,Esophagus,Kidney,LungSc,Prostate,Thyroid
BICD1,LungAd,Liver,Kidney,LungAd,Esophagus,Uterus,Kidney,LungSc,Thyroid,Prostate
ACOX3,Liver,Kidney,Esophagus,LungAd,Colon,Prostate,Thyroid,Uterus,Bladder,Prostate
AIFM1,LungAd,Kidney,LungAd,Kidney,Esophagus,Liver,Uterus,LungAd,Prostate,Colon
APOB,LungAd,Liver,Uterus,Kidney,Esophagus,Kidney,Thyroid,Colon,LungSc,LungAd
DAB2,LungAd,Kidney,Uterus,Esophagus,Liver,Thyroid,Kidney,LungSc,Colon,Prostate
ABI2,LungAd,Kidney,Kidney,Liver,Esophagus,LungAd,Uterus,Prostate,HeadNeck,Colon
ARPC3,LungAd,Kidney,Uterus,Kidney,Esophagus,LungSc,Thyroid,Liver,Colon,HeadNeck
CDC27,LungAd,Kidney,Liver,Uterus,Colon,Thyroid,Esophagus,Kidney,Rectum,HeadNeck
PIAS2,LungAd,Kidney,Liver,Uterus,Esophagus,Thyroid,Kidney,HeadNeck,LungSc,Colon
HDAC5,LungAd,Kidney,Uterus,Liver,Colon,LungSc,Esophagus,Kidney,Thyroid,Prostate
ROCK1,LungAd,Kidney,Kidney,Uterus,Esophagus,Liver,Thyroid,LungSc,Colon,Stomach
TBL1X,LungAd,Liver,Esophagus,Uterus,HeadNeck,LungSc,Kidney,Kidney,HeadNeck,Cervix
BMI1,LungAd,Kidney,Uterus,LungSc,Kidney,Liver,Prostate,Esophagus,Thyroid,Colon
UBXN7,LungAd,Kidney,Uterus,LungSc,Liver,Colon,Prostate,Esophagus,Kidney,LungAd
CUL1,LungAd,Kidney,Uterus,LungSc,Colon,Liver,Prostate,Kidney,Esophagus,Thyroid
TPM3,LungAd,Kidney,Uterus,Colon,LungSc,Esophagus,Liver,LungAd,Prostate,Kidney
RAB5A,LungAd,Kidney,Uterus,Esophagus,Colon,LungSc,Kidney,Liver,Thyroid,LungAd
PIAS3,LungAd,Esophagus,Liver,HeadNeck,HeadNeck,Kidney,LungSc,Thyroid,Bladder,Stomach
AMFR,LungAd,Liver,Kidney,Esophagus,Thyroid,Uterus,Colon,Prostate,Stomach,Kidney
VDAC2,LungAd,Kidney,Uterus,LungSc,Prostate,Colon,LungAd,Liver,LungAd,Esophagus
APOC2,Liver,LungAd,Esophagus,Kidney,Thyroid,Colon,Stomach,Uterus,Bladder,Prostate
ACADM,LungAd,Liver,Kidney,Esophagus,Uterus,Kidney,LungAd,Thyroid,LungSc,Prostate
RAB8A,LungAd,Uterus,Kidney,Esophagus,Kidney,Colon,Liver,LungSc,Thyroid,Prostate
IDE,LungAd,Liver,Kidney,Esophagus,Uterus,Colon,Thyroid,Prostate,LungSc,HeadNeck
FHL3,Esophagus,LungAd,Liver,HeadNeck,Kidney,Thyroid,LungSc,HeadNeck,Stomach,Uterus
HAUS1,LungAd,Uterus,Kidney,Kidney,Esophagus,Colon,LungSc,Liver,Thyroid,LungAd
RCC1,LungAd,Kidney,Kidney,Thyroid,Esophagus,Uterus,Liver,LungSc,Colon,LungAd
SEPT2,LungAd,Kidney,Kidney,LungSc,Uterus,Thyroid,Esophagus,Colon,Liver,Colon
PRPF3,LungAd,Kidney,Uterus,Esophagus,Colon,LungSc,Liver,LungAd,Kidney,Prostate
BMP2,Esophagus,Liver,Thyroid,HeadNeck,LungSc,Kidney,Colon,Prostate,Stomach,Bladder
DDB1,LungAd,Kidney,Uterus,Liver,Kidney,Prostate,Colon,LungSc,Esophagus,Thyroid
AP2A1,LungAd,Kidney,Liver,Uterus,Colon,Kidney,Esophagus,LungSc,Thyroid,Prostate
PRKDC,LungAd,LungAd,Kidney,LungAd,Uterus,Prostate,Colon,Kidney,Liver,Esophagus
BBS12,LungAd,Kidney,Uterus,Kidney,Esophagus,Liver,Colon,Thyroid,LungSc,Rectum
NID1,LungAd,Liver,Kidney,Esophagus,Uterus,Colon,Thyroid,Prostate,Kidney,LungSc
CDK9,LungAd,Kidney,Uterus,Liver,Colon,LungAd,Kidney,Prostate,LungSc,Esophagus
LYN,LungAd,Kidney,Uterus,Liver,Kidney,Prostate,Esophagus,Thyroid,LungSc,Colon
GRHPR,Liver,Esophagus,Kidney,Colon,HeadNeck,LungSc,Bladder,Thyroid,Uterus,Prostate
BUB1,LungAd,Kidney,Uterus,Liver,LungSc,Esophagus,Thyroid,Kidney,Colon,Prostate
AP2B1,LungAd,Kidney,Liver,Uterus,Colon,Esophagus,Prostate,Thyroid,LungSc,Kidney
ACTN4,LungAd,Kidney,Kidney,Esophagus,Liver,LungAd,Uterus,Prostate,Colon,LungAd
RBM39,LungAd,LungAd,LungAd,Kidney,Colon,Prostate,Uterus,Kidney,Liver,LungSc
PEX12,LungAd,Liver,Esophagus,Uterus,Kidney,LungSc,Thyroid,Kidney,LungAd,Colon
MYL6B,LungAd,Kidney,LungSc,Esophagus,Uterus,Colon,Kidney,Liver,Thyroid,Colon
HYOU1,LungAd,Liver,Esophagus,Uterus,Kidney,Thyroid,Kidney,LungSc,Colon,Prostate
EPS15,LungAd,LungAd,Kidney,Uterus,Kidney,Prostate,LungAd,Colon,Esophagus,Liver
MTA1,LungAd,Kidney,Liver,Uterus,Esophagus,Kidney,Thyroid,LungSc,Colon,HeadNeck
MCM5,LungAd,Liver,Esophagus,Kidney,Thyroid,Uterus,Kidney,Colon,LungSc,Bladder
PLK1,LungAd,LungAd,Kidney,LungAd,Kidney,Uterus,Prostate,Colon,Esophagus,Liver
CCL14,Esophagus,Kidney,Uterus,LungAd,HeadNeck,Thyroid,Rectum,Colon,Prostate,Liver
RAB5C,LungAd,LungAd,Kidney,Kidney,Liver,Esophagus,Uterus,LungAd,Colon,Prostate
MBD2,LungAd,Kidney,Uterus,Liver,Kidney,Colon,Thyroid,Esophagus,LungSc,HeadNeck
HIPK2,LungAd,Liver,Esophagus,HeadNeck,Kidney,LungSc,Uterus,Thyroid,HeadNeck,Kidney
GNAI2,LungAd,Kidney,Kidney,Thyroid,Esophagus,Uterus,Liver,Colon,LungSc,LungAd
CD81,LungAd,Liver,Esophagus,Kidney,Thyroid,Uterus,LungSc,Stomach,Kidney,Colon
GANAB,LungAd,Kidney,Liver,Esophagus,Kidney,Thyroid,Uterus,Colon,Prostate,LungSc
ATG9A,Esophagus,LungAd,Kidney,Thyroid,Uterus,Liver,Stomach,HeadNeck,LungSc,Bladder
CHD3,LungAd,LungAd,Kidney,Kidney,Esophagus,Uterus,Liver,LungAd,Colon,Prostate
HCK,LungAd,LungAd,Kidney,Kidney,Esophagus,Liver,Uterus,LungAd,Colon,Prostate
ERCC8,LungAd,Kidney,Esophagus,Kidney,Uterus,Liver,Thyroid,LungSc,Stomach,LungAd
CDC5L,LungAd,Kidney,Uterus,Prostate,Liver,Colon,LungAd,LungSc,Esophagus,LungAd
KAT2B,LungAd,Kidney,LungAd,LungAd,Kidney,Prostate,Uterus,Colon,Liver,Esophagus
TEAD4,LungAd,Esophagus,Liver,Kidney,HeadNeck,Thyroid,LungSc,Stomach,Uterus,HeadNeck
TBP,LungAd,Kidney,LungAd,LungAd,Kidney,Prostate,Uterus,Liver,Colon,Esophagus
CTBP1,LungAd,Kidney,Uterus,Liver,Esophagus,Prostate,Kidney,Colon,LungSc,Thyroid
GSK3B,LungAd,Kidney,Uterus,Colon,Liver,LungAd,Prostate,LungSc,Esophagus,LungSc
ABCD1,LungAd,Liver,Esophagus,Kidney,Thyroid,Colon,Uterus,Prostate,Bladder,LungSc
BARD1,LungAd,Colon,Liver,Kidney,Uterus,Thyroid,Kidney,LungSc,Esophagus,HeadNeck
UBE2N,LungAd,Liver,Esophagus,HeadNeck,Uterus,Kidney,Kidney,LungSc,Thyroid,Colon
PRKN,LungAd,LungAd,Kidney,Kidney,LungAd,Liver,Esophagus,Colon,Uterus,Prostate
HMGCL,LungAd,Esophagus,Kidney,Uterus,LungSc,Liver,Kidney,Colon,Thyroid,Colon
TTK,LungAd,LungSc,Kidney,Kidney,Colon,Uterus,Thyroid,Esophagus,Liver,HeadNeck
LAMP1,LungAd,Kidney,Kidney,Uterus,Esophagus,Colon,Liver,Thyroid,LungSc,Prostate
COX5B,LungAd,Kidney,Liver,Uterus,Esophagus,Kidney,Thyroid,LungSc,LungAd,Colon
ARPC2,LungAd,Kidney,Liver,Uterus,Kidney,Esophagus,Thyroid,Colon,LungSc,Prostate
BAG3,LungAd,Esophagus,Kidney,Thyroid,Liver,Stomach,Colon,Kidney,Uterus,LungSc
MYO1C,LungAd,Kidney,LungAd,Kidney,LungAd,Uterus,Colon,Esophagus,Liver,Prostate
OCRL,LungAd,LungAd,Kidney,Kidney,Liver,Esophagus,Uterus,Colon,LungSc,LungAd
FXR2,LungAd,Kidney,Uterus,Kidney,Liver,Esophagus,Colon,Prostate,LungSc,Thyroid
TACO1,LungAd,Kidney,Uterus,Esophagus,Liver,Kidney,Thyroid,LungAd,LungSc,Prostate
CENPC,LungAd,Kidney,Esophagus,Kidney,Liver,Uterus,Thyroid,LungSc,Colon,Stomach
CCNH,LungAd,Esophagus,Liver,Kidney,Uterus,Kidney,Thyroid,LungSc,LungAd,Prostate
AP1B1,LungAd,Kidney,Esophagus,Uterus,Liver,Kidney,LungAd,Prostate,Thyroid,Colon
SMC3,LungAd,Kidney,Uterus,Liver,Prostate,Colon,Esophagus,LungSc,LungAd,Kidney
INSR,LungAd,Kidney,Esophagus,Liver,Uterus,Kidney,Thyroid,LungSc,LungAd,Prostate
GRB2,LungAd,LungAd,Kidney,LungAd,Kidney,Prostate,Colon,Uterus,Liver,Esophagus
GNPAT,LungAd,Liver,Esophagus,Uterus,Kidney,Kidney,LungSc,Thyroid,Colon,Prostate
VAMP3,LungAd,Uterus,Liver,Kidney,Thyroid,Kidney,LungSc,Esophagus,Colon,LungAd
PIAS1,LungAd,Kidney,Liver,Uterus,Esophagus,Colon,Thyroid,LungSc,Prostate,Kidney
NUP62,LungAd,Kidney,Uterus,Kidney,Thyroid,LungSc,Liver,Colon,Esophagus,LungAd
AGO2,LungAd,Kidney,Uterus,Liver,Esophagus,Kidney,Colon,Thyroid,LungAd,LungSc
ING2,LungAd,Liver,Kidney,Esophagus,Uterus,Kidney,Thyroid,LungAd,LungSc,HeadNeck
KAT2A,LungAd,Kidney,LungAd,LungAd,Kidney,Prostate,Colon,Uterus,Liver,Esophagus
FLOT2,LungAd,Liver,Esophagus,Kidney,Kidney,Uterus,Thyroid,Colon,Stomach,LungSc
RING1,LungAd,LungAd,Kidney,Liver,Esophagus,LungAd,Kidney,Uterus,Colon,Prostate
PICK1,LungAd,Liver,Kidney,Esophagus,Thyroid,Kidney,Uterus,LungSc,LungAd,Colon
DRD4,Esophagus,Liver,Kidney,Thyroid,LungAd,HeadNeck,Stomach,LungSc,HeadNeck,Uterus
BCL6,LungAd,LungAd,Kidney,Esophagus,Kidney,Liver,Uterus,LungSc,LungAd,Thyroid
RPRD2,LungAd,Kidney,Kidney,LungSc,Thyroid,Esophagus,Uterus,Liver,Stomach,Colon
MYO6,LungAd,LungAd,Kidney,Kidney,Liver,Uterus,Esophagus,LungAd,Colon,LungSc
U2AF2,LungAd,Kidney,Uterus,LungSc,Liver,Kidney,Thyroid,Prostate,Esophagus,LungSc
JUND,LungAd,Esophagus,Liver,HeadNeck,Kidney,Uterus,Thyroid,Stomach,LungSc,Bladder
SHC1,LungAd,LungAd,Kidney,Kidney,Esophagus,Liver,Colon,LungAd,Uterus,Prostate
SRRM2,LungAd,Kidney,Liver,Uterus,Prostate,LungSc,Kidney,Colon,LungSc,Esophagus
RBX1,LungAd,Kidney,Liver,Uterus,Thyroid,Prostate,Kidney,Esophagus,Colon,LungSc
SKP2,LungAd,LungAd,Kidney,Kidney,LungAd,Uterus,Esophagus,Liver,Prostate,Colon
AP1S1,LungAd,Liver,Uterus,Esophagus,Kidney,Kidney,Thyroid,LungSc,Colon,Rectum
HDAC3,LungAd,LungAd,Kidney,Kidney,LungAd,Esophagus,Liver,Uterus,Prostate,Colon
LATS2,LungAd,Kidney,Liver,Esophagus,Uterus,Kidney,Colon,Thyroid,LungSc,Prostate
SPRTN,LungAd,Liver,Rectum,LungSc,Kidney,Cervix,HeadNeck,Bladder,HeadNeck,Esophagus
NOP56,LungAd,Kidney,Uterus,LungAd,LungSc,Kidney,LungAd,Prostate,Colon,Thyroid
CAND1,LungAd,Kidney,LungAd,Esophagus,Liver,Kidney,Uterus,LungAd,Thyroid,Colon
HSPB1,LungAd,Kidney,Uterus,Liver,Colon,Prostate,Esophagus,LungSc,LungAd,Kidney
PEX26,LungAd,Liver,Esophagus,Kidney,Uterus,Thyroid,LungSc,Kidney,Colon,Prostate
CEBPB,LungAd,Kidney,Liver,Uterus,Esophagus,Kidney,Colon,Thyroid,Prostate,LungSc
SRPK1,LungAd,Kidney,Kidney,Uterus,Esophagus,LungSc,Thyroid,Liver,Stomach,Colon
ELOB,LungAd,Uterus,Kidney,Liver,Esophagus,Kidney,LungSc,Thyroid,Colon,Cervix
BMF,Esophagus,Liver,Kidney,Thyroid,HeadNeck,Colon,LungSc,Stomach,Prostate,Bladder
MTG2,LungAd,LungAd,Kidney,Esophagus,Kidney,Liver,Uterus,LungSc,Prostate,Thyroid
SF3B3,LungAd,Kidney,Kidney,Liver,Uterus,LungSc,Thyroid,Esophagus,Prostate,Colon
CDK1,LungAd,LungAd,Kidney,LungAd,Kidney,Uterus,Prostate,Colon,Liver,Esophagus
TNNC1,LungAd,Kidney,Uterus,Esophagus,Thyroid,Liver,LungSc,Kidney,Colon,LungAd
TAF9,LungAd,Kidney,Uterus,LungSc,Kidney,Liver,Prostate,Colon,Esophagus,Thyroid
SRRM1,LungAd,Kidney,Uterus,Liver,Prostate,Colon,Esophagus,Kidney,LungSc,Thyroid
KAT5,LungAd,LungAd,Kidney,Kidney,LungAd,Esophagus,Liver,Uterus,Prostate,Colon
LSM 6.00,Esophagus,Liver,LungAd,HeadNeck,HeadNeck,Kidney,Thyroid,LungSc,Stomach,Uterus
RAN,LungAd,Kidney,Uterus,Liver,Prostate,Esophagus,Colon,Kidney,Thyroid,LungSc
BRCC3,LungAd,Liver,Esophagus,LungSc,HeadNeck,Kidney,Thyroid,Uterus,Stomach,HeadNeck
CENPN,Esophagus,Thyroid,HeadNeck,Kidney,Liver,LungAd,Stomach,LungSc,Bladder,Uterus
PHB,LungAd,Kidney,LungAd,Kidney,Esophagus,Liver,Colon,Uterus,LungAd,Prostate
NFYA,LungAd,Liver,Esophagus,Kidney,HeadNeck,LungSc,Uterus,Thyroid,Stomach,HeadNeck
RBL1,LungAd,LungAd,Kidney,Kidney,Esophagus,Liver,LungAd,Prostate,Uterus,Colon
VWA8,LungAd,Liver,Kidney,Esophagus,Kidney,Uterus,Thyroid,LungSc,Colon,Prostate
MCM6,LungAd,LungAd,Kidney,Kidney,Esophagus,Liver,LungAd,Uterus,Colon,Prostate
STAT1,LungAd,Kidney,Kidney,LungAd,Esophagus,Liver,Colon,LungAd,Uterus,Prostate
IDH3G,LungAd,Esophagus,Liver,HeadNeck,Kidney,Thyroid,Stomach,Uterus,LungSc,HeadNeck
SF3A1,LungAd,Kidney,Kidney,Liver,Prostate,Uterus,Colon,Thyroid,LungSc,Esophagus
CDK4,LungAd,Kidney,Kidney,LungAd,Liver,Esophagus,LungAd,Prostate,Uterus,Colon
AP1M1,LungAd,Kidney,Liver,Uterus,Kidney,Esophagus,Colon,Thyroid,LungSc,Prostate
SDHB,LungAd,LungAd,Esophagus,Kidney,Liver,Kidney,Uterus,LungSc,Thyroid,Prostate
CDC16,LungAd,Kidney,LungAd,Esophagus,Liver,Kidney,Uterus,Colon,LungAd,Prostate
UBC,LungAd,LungAd,Kidney,Kidney,LungAd,Liver,Esophagus,Prostate,Uterus,Colon
IFT57,LungAd,Kidney,Kidney,Uterus,Thyroid,Liver,LungSc,Esophagus,LungAd,Colon
GLRB,Esophagus,Liver,Colon,HeadNeck,HeadNeck,Thyroid,LungSc,Kidney,Stomach,Prostate
MCM3,LungAd,Kidney,Liver,Uterus,Esophagus,Prostate,Colon,Kidney,LungSc,Thyroid
COX5A,LungAd,Kidney,LungAd,Esophagus,Kidney,Liver,Uterus,LungSc,Prostate,LungAd
RBMX,LungAd,Kidney,Liver,Uterus,Kidney,Esophagus,Thyroid,Prostate,Colon,LungSc
MAX,LungAd,LungAd,Kidney,Kidney,Liver,Esophagus,LungAd,Uterus,Colon,Prostate
PDK1,LungAd,Kidney,Liver,Esophagus,Uterus,Kidney,LungAd,Thyroid,LungSc,Colon
DLG3,LungAd,Liver,Esophagus,Kidney,Kidney,Uterus,Thyroid,LungSc,LungAd,Colon
CNR1,Esophagus,Liver,HeadNeck,Thyroid,Kidney,Colon,LungSc,HeadNeck,Stomach,LungAd
PLS1,LungAd,Liver,Kidney,Esophagus,Kidney,Uterus,Thyroid,HeadNeck,LungSc,Colon
E2F2,LungAd,Liver,Esophagus,Kidney,LungSc,HeadNeck,Uterus,Thyroid,Stomach,Bladder
MCAT,Esophagus,Kidney,Liver,Thyroid,HeadNeck,Stomach,LungAd,Bladder,HeadNeck,Uterus
BTK,LungAd,Kidney,Liver,Esophagus,LungAd,Kidney,Uterus,Thyroid,LungSc,Prostate
FOXE1,HeadNeck,Esophagus,Liver,LungAd,Stomach,Thyroid,Kidney,HeadNeck,Uterus,LungSc
HDAC4,LungAd,Kidney,Kidney,LungAd,Esophagus,Liver,LungAd,Uterus,Colon,Prostate
TOP 1.00,LungAd,Esophagus,LungAd,Kidney,Kidney,Liver,Uterus,LungSc,LungAd,Thyroid
PTCD3,LungAd,LungAd,Esophagus,Kidney,Liver,Kidney,Uterus,LungSc,Prostate,LungAd
EIF3D,LungAd,Kidney,Kidney,LungSc,Colon,Uterus,Thyroid,Liver,Esophagus,HeadNeck
GID8,Esophagus,HeadNeck,Liver,HeadNeck,LungSc,Bladder,Kidney,Colon,Stomach,LungAd
BAZ1B,LungAd,LungSc,Kidney,Esophagus,Liver,Uterus,HeadNeck,Thyroid,Colon,Stomach
OS9,LungAd,Uterus,LungSc,Colon,Kidney,Rectum,Esophagus,Prostate,Liver,Prostate
ADRB2,LungAd,LungSc,Colon,Kidney,Uterus,Esophagus,Kidney,Liver,Thyroid,HeadNeck
MSH4,LungAd,HeadNeck,Kidney,Thyroid,Bladder,Esophagus,Stomach,Rectum,HeadNeck,LungSc
CCL21,LungAd,Kidney,Thyroid,Esophagus,Liver,Uterus,Prostate,HeadNeck,Colon,LungSc
CFTR,LungAd,Kidney,Uterus,LungSc,Colon,Esophagus,LungAd,Liver,Thyroid,HeadNeck
FYN,LungAd,LungSc,Thyroid,Kidney,Colon,Kidney,HeadNeck,HeadNeck,Esophagus,Stomach
ASPH,LungAd,Esophagus,Kidney,Thyroid,Colon,Liver,Stomach,Uterus,HeadNeck,LungSc
BET1,LungAd,Kidney,Thyroid,Esophagus,Stomach,Colon,HeadNeck,HeadNeck,HeadNeck,Rectum
CIAO1,LungAd,Kidney,Esophagus,LungSc,Uterus,Kidney,HeadNeck,Colon,Thyroid,Prostate
CBX8,LungAd,LungSc,Esophagus,Uterus,Colon,Thyroid,HeadNeck,Kidney,Kidney,Liver
RAC1,LungAd,Colon,LungSc,Kidney,Thyroid,Kidney,Esophagus,HeadNeck,HeadNeck,Prostate
CTR9,LungAd,Kidney,Esophagus,Uterus,Liver,Colon,LungSc,Thyroid,Kidney,Stomach
CENPA,LungAd,Kidney,Esophagus,Thyroid,Colon,Stomach,LungSc,HeadNeck,Uterus,HeadNeck
AP1S2,LungAd,Liver,Colon,Esophagus,Kidney,Thyroid,LungSc,Uterus,HeadNeck,Kidney
ERN 1.00,LungAd,LungSc,Uterus,Kidney,Thyroid,Esophagus,Kidney,Rectum,Liver,Prostate
CALR3,LungAd,Kidney,Esophagus,Thyroid,Stomach,LungSc,Colon,HeadNeck,HeadNeck,Bladder
DPM2,LungAd,LungSc,Kidney,Thyroid,Uterus,Liver,Esophagus,Colon,Prostate,Rectum
MYO5C,LungAd,LungSc,Thyroid,Kidney,Prostate,Esophagus,Kidney,HeadNeck,Colon,HeadNeck
CUL2,LungAd,Colon,LungSc,Kidney,Esophagus,Liver,Thyroid,Uterus,HeadNeck,Kidney
RC3H1,LungAd,LungSc,Kidney,Esophagus,Colon,HeadNeck,Thyroid,HeadNeck,Stomach,Kidney
CD4,LungAd,Kidney,LungSc,Colon,Thyroid,Esophagus,Prostate,HeadNeck,HeadNeck,Prostate
INVS,Kidney,Colon,Esophagus,Liver,Prostate,Thyroid,Stomach,HeadNeck,LungSc,Rectum
CCL26,LungAd,Kidney,Thyroid,Esophagus,Colon,Uterus,LungSc,Kidney,Liver,Stomach
EXOC3,LungAd,Kidney,Thyroid,LungSc,Esophagus,Colon,HeadNeck,HeadNeck,Stomach,Liver
HDAC2,LungAd,LungSc,Kidney,Thyroid,Esophagus,Kidney,Colon,Uterus,Prostate,LungSc
AMOT,LungAd,Kidney,Thyroid,Esophagus,Uterus,Colon,Thyroid,Kidney,HeadNeck,Liver
IRAK1,LungAd,Thyroid,HeadNeck,Kidney,Colon,LungSc,Esophagus,Prostate,HeadNeck,Bladder
CDK2,LungAd,LungAd,Kidney,Colon,LungAd,Rectum,Prostate,Esophagus,Uterus,Kidney
DERL2,LungAd,Kidney,Thyroid,Colon,Esophagus,LungSc,Stomach,Bladder,HeadNeck,Prostate
CBX3,LungAd,LungSc,Kidney,Esophagus,Thyroid,Liver,Colon,Uterus,Kidney,HeadNeck
NCF1,LungAd,LungSc,Uterus,Kidney,Esophagus,Thyroid,Colon,Liver,Kidney,HeadNeck
OFD1,LungAd,Thyroid,Kidney,LungSc,Kidney,Colon,Esophagus,Uterus,Liver,Prostate
MSH3,LungAd,Liver,Esophagus,HeadNeck,Kidney,Uterus,LungSc,Thyroid,HeadNeck,Kidney
SRC,LungAd,LungSc,Esophagus,Thyroid,Kidney,Kidney,Uterus,Prostate,Colon,Liver
FNTB,LungAd,Esophagus,HeadNeck,Kidney,Thyroid,Liver,LungSc,HeadNeck,Rectum,Uterus
STX1A,LungAd,Kidney,Kidney,LungSc,Uterus,Thyroid,Esophagus,Colon,Liver,Prostate
LMNB1,LungAd,Esophagus,Thyroid,Kidney,LungSc,Liver,Stomach,Uterus,HeadNeck,Kidney
DNMT1,LungAd,Thyroid,Colon,LungSc,Liver,HeadNeck,Esophagus,Kidney,Uterus,Stomach
DOCK8,LungAd,Kidney,HeadNeck,Thyroid,Liver,Esophagus,Colon,Uterus,Stomach,LungSc
DCAF8,LungAd,Uterus,Kidney,Esophagus,Kidney,Liver,LungSc,Thyroid,HeadNeck,Colon
MCL1,LungAd,Kidney,Esophagus,Uterus,Kidney,LungSc,Thyroid,Stomach,Liver,Colon
EMD,LungAd,LungSc,Colon,Thyroid,Liver,Kidney,Esophagus,Uterus,HeadNeck,HeadNeck
EDC4,LungAd,Thyroid,LungSc,Kidney,HeadNeck,Esophagus,Prostate,Stomach,Liver,HeadNeck
BIN1,LungAd,Kidney,Esophagus,Thyroid,Stomach,Colon,Liver,HeadNeck,HeadNeck,LungSc
CXCL6,LungAd,Kidney,Thyroid,Esophagus,Colon,Liver,Stomach,LungSc,HeadNeck,HeadNeck
PDPK1,LungAd,Kidney,Colon,Kidney,Esophagus,Thyroid,LungSc,Stomach,HeadNeck,Liver
LMO4,LungAd,Thyroid,Kidney,LungSc,Colon,Esophagus,Kidney,Liver,Uterus,Bladder
TERF1,LungAd,Thyroid,Kidney,HeadNeck,Liver,LungSc,Esophagus,Stomach,Uterus,Colon
PEX19,LungAd,Kidney,Thyroid,Colon,Esophagus,LungSc,Stomach,Liver,HeadNeck,Rectum
CEP55,LungAd,Esophagus,Kidney,Liver,Thyroid,Stomach,Uterus,Kidney,HeadNeck,Colon
CUL4A,LungAd,LungSc,Thyroid,Colon,Kidney,Liver,Esophagus,HeadNeck,Kidney,HeadNeck
BRD1,LungAd,Kidney,Thyroid,Stomach,Esophagus,HeadNeck,Liver,Colon,LungSc,HeadNeck
XCL2,LungAd,Kidney,Colon,Esophagus,Thyroid,LungSc,Kidney,Uterus,Liver,HeadNeck
LRRK2,LungAd,LungSc,Thyroid,HeadNeck,HeadNeck,Kidney,Prostate,Colon,Prostate,HeadNeck
APOE,LungAd,LungSc,Thyroid,HeadNeck,Kidney,HeadNeck,Colon,Rectum,Prostate,Prostate
SMAD4,LungAd,LungSc,Kidney,Thyroid,Colon,Esophagus,Kidney,Uterus,Liver,HeadNeck
ASH2L,LungAd,LungSc,Kidney,Colon,Thyroid,HeadNeck,Esophagus,Stomach,Kidney,HeadNeck
NCOA3,LungAd,Liver,HeadNeck,Kidney,Uterus,Esophagus,LungSc,Kidney,Thyroid,Colon
EXOC8,LungAd,Kidney,Esophagus,LungSc,Uterus,Kidney,Colon,Thyroid,Liver,Rectum
FANCA,LungAd,Kidney,Thyroid,Esophagus,LungSc,Colon,Liver,Kidney,Stomach,Uterus
GAB1,LungAd,LungSc,Thyroid,Prostate,HeadNeck,Colon,Kidney,Prostate,HeadNeck,HeadNeck
KLC4,LungAd,Thyroid,Kidney,HeadNeck,Prostate,Esophagus,Stomach,LungSc,Bladder,HeadNeck
CDC23,LungAd,Esophagus,Kidney,Stomach,Liver,Thyroid,Uterus,HeadNeck,LungSc,Kidney
VAPB,LungAd,Kidney,Thyroid,LungSc,Kidney,Rectum,Liver,Esophagus,Colon,HeadNeck
UBE2S,LungAd,Liver,LungSc,Thyroid,HeadNeck,Kidney,Esophagus,Colon,Uterus,Kidney
PPM1A,LungAd,Thyroid,Kidney,Liver,Esophagus,Colon,HeadNeck,Uterus,LungSc,Kidney
SNRPA,LungAd,Kidney,Thyroid,Esophagus,LungSc,Stomach,Colon,Kidney,Liver,HeadNeck
MTREX,LungAd,Liver,HeadNeck,Esophagus,Kidney,Thyroid,Uterus,Stomach,LungSc,Kidney
VASP,LungAd,Thyroid,Kidney,HeadNeck,LungSc,Prostate,Stomach,Colon,Esophagus,HeadNeck
UBE2A,LungAd,Thyroid,Kidney,Esophagus,Liver,Stomach,LungSc,HeadNeck,Kidney,HeadNeck
HDAC1,LungAd,LungSc,Thyroid,Kidney,Esophagus,Kidney,Prostate,Liver,LungSc,Colon
HGS,LungAd,Prostate,Thyroid,Kidney,LungSc,Kidney,HeadNeck,Esophagus,Uterus,Colon
TFDP1,LungAd,HeadNeck,Liver,Thyroid,Uterus,Esophagus,Kidney,Kidney,Colon,Stomach
MCM7,LungAd,LungSc,Esophagus,Liver,Thyroid,Colon,Kidney,Kidney,Uterus,HeadNeck
GRSF1,LungAd,LungSc,Thyroid,Kidney,HeadNeck,Colon,Stomach,Esophagus,Prostate,HeadNeck
HTRA2,LungAd,LungSc,Kidney,Colon,Thyroid,Esophagus,Stomach,HeadNeck,HeadNeck,HeadNeck
CNOT7,LungAd,Kidney,Esophagus,Thyroid,Stomach,Colon,Liver,HeadNeck,LungSc,HeadNeck
DKC1,LungAd,Kidney,LungSc,Uterus,Kidney,Colon,Esophagus,Liver,Thyroid,Rectum
KLC1,LungAd,Kidney,Thyroid,Esophagus,Stomach,Colon,Kidney,HeadNeck,Liver,HeadNeck
RNF4,LungAd,Colon,Liver,Thyroid,Kidney,Kidney,Uterus,HeadNeck,Esophagus,LungSc
CDK8,LungAd,LungSc,Kidney,Esophagus,Colon,Liver,Thyroid,Kidney,HeadNeck,Uterus
EIF3A,LungAd,Kidney,Thyroid,LungSc,Esophagus,Kidney,Liver,HeadNeck,Colon,Stomach
XRN2,LungAd,Kidney,Thyroid,Esophagus,Colon,Stomach,Kidney,HeadNeck,Liver,HeadNeck
TNNI1,LungAd,Kidney,Colon,Kidney,LungSc,Thyroid,Liver,Esophagus,Stomach,Uterus
MLH1,LungAd,Esophagus,Thyroid,Liver,Kidney,Kidney,Uterus,LungSc,Prostate,HeadNeck
NXF1,LungAd,LungSc,Kidney,Esophagus,Kidney,Prostate,Thyroid,HeadNeck,Colon,Liver
RBP2,LungAd,Kidney,Thyroid,Esophagus,Stomach,LungSc,HeadNeck,Colon,Kidney,Prostate
BBS10,Kidney,LungAd,Thyroid,Liver,Esophagus,Stomach,HeadNeck,LungSc,HeadNeck,Colon
HEY2,LungAd,HeadNeck,Liver,Kidney,Esophagus,Thyroid,Kidney,Stomach,Uterus,Colon
FANCM,LungAd,Kidney,Thyroid,Esophagus,Stomach,LungSc,Liver,Colon,Prostate,HeadNeck
E2F4,LungAd,Kidney,Thyroid,Colon,HeadNeck,Esophagus,Liver,Kidney,Stomach,LungSc
RBBP5,LungAd,Thyroid,LungSc,Kidney,HeadNeck,Stomach,Prostate,Esophagus,Liver,HeadNeck
STAU1,LungAd,Thyroid,Kidney,HeadNeck,Liver,Stomach,Esophagus,Colon,LungSc,HeadNeck
SPI1,LungAd,Liver,HeadNeck,Esophagus,Kidney,Kidney,Thyroid,Uterus,Stomach,LungSc
MYL6,LungAd,Kidney,Esophagus,Thyroid,Stomach,Liver,Colon,HeadNeck,LungSc,Kidney
RXRA,LungAd,LungSc,Colon,Kidney,Liver,Kidney,Thyroid,Esophagus,Bladder,HeadNeck
SIN3A,LungAd,LungSc,Thyroid,Kidney,Kidney,Esophagus,Colon,Liver,Bladder,Prostate
LSM 4.00,LungAd,Kidney,Esophagus,Stomach,Thyroid,Colon,HeadNeck,Liver,Kidney,HeadNeck
PHC2,LungAd,Kidney,LungSc,Colon,Esophagus,Thyroid,Liver,HeadNeck,Stomach,Kidney
TAF7,LungAd,Kidney,Thyroid,Colon,Esophagus,Stomach,Liver,Kidney,HeadNeck,Bladder
RXRB,LungAd,HeadNeck,Kidney,Liver,Stomach,Esophagus,Thyroid,Colon,LungSc,Bladder
IRF3,LungAd,Kidney,Thyroid,Esophagus,Liver,Kidney,Uterus,HeadNeck,Stomach,Colon
MED4,LungAd,Thyroid,LungSc,Kidney,Liver,HeadNeck,Prostate,Colon,Esophagus,Prostate
COX15,LungAd,LungSc,Kidney,Liver,Colon,Uterus,Thyroid,Kidney,HeadNeck,Rectum
SKP1,LungAd,Thyroid,LungSc,Kidney,Stomach,Esophagus,Liver,Colon,Kidney,Bladder
SGF29,LungAd,Kidney,Thyroid,Esophagus,Stomach,Colon,HeadNeck,HeadNeck,Kidney,LungSc
NDC80,LungAd,Thyroid,LungSc,Colon,HeadNeck,Kidney,HeadNeck,HeadNeck,Prostate,Liver
IFT74,LungAd,Kidney,Kidney,Esophagus,Thyroid,Uterus,LungSc,Colon,Liver,Prostate
PSMD6,LungAd,Kidney,Thyroid,Stomach,Esophagus,Liver,Colon,HeadNeck,HeadNeck,Kidney
FOXG1,LungAd,Liver,Thyroid,Kidney,Esophagus,Colon,HeadNeck,Kidney,LungSc,Stomach
CUL4B,LungAd,Kidney,LungSc,Colon,Thyroid,Kidney,Esophagus,Liver,Bladder,Uterus
PPIH,LungAd,HeadNeck,Kidney,Esophagus,Thyroid,Stomach,Liver,LungSc,Colon,Bladder
RNPS1,LungAd,LungSc,Thyroid,Colon,Kidney,Kidney,Liver,HeadNeck,Stomach,Bladder
CPSF2,LungAd,Kidney,Thyroid,Esophagus,Stomach,HeadNeck,LungSc,Colon,Kidney,HeadNeck
LAMP2,LungAd,Kidney,HeadNeck,Liver,Thyroid,Esophagus,Stomach,Uterus,Colon,Cervix
RFC3,LungAd,Kidney,Thyroid,HeadNeck,Liver,Esophagus,Stomach,LungSc,Colon,Kidney
EEA1,LungAd,Kidney,Thyroid,Colon,LungSc,Esophagus,HeadNeck,Stomach,Liver,HeadNeck
RFC2,LungAd,Kidney,HeadNeck,Liver,Esophagus,Thyroid,Stomach,Kidney,LungSc,Uterus
TEAD2,LungAd,Kidney,HeadNeck,Esophagus,Thyroid,Stomach,Liver,Uterus,LungSc,HeadNeck
THOC1,LungAd,Thyroid,Kidney,Stomach,Esophagus,HeadNeck,Colon,Prostate,Kidney,HeadNeck
CDK5,LungAd,Thyroid,Kidney,HeadNeck,Liver,Stomach,Esophagus,Colon,LungSc,HeadNeck
WDR83,LungAd,Kidney,HeadNeck,Thyroid,Liver,Esophagus,Stomach,Kidney,Colon,Uterus
SYF2,LungAd,Kidney,HeadNeck,Liver,Thyroid,Esophagus,Stomach,Kidney,Uterus,Colon
KRT38,LungAd,HeadNeck,Kidney,Thyroid,Stomach,Liver,Esophagus,Colon,LungSc,Kidney
CREB3,LungAd,Kidney,Esophagus,HeadNeck,Liver,Stomach,Thyroid,Cervix,HeadNeck,LungSc
TRAF3,LungAd,Kidney,Thyroid,Stomach,HeadNeck,Colon,Esophagus,Liver,LungSc,Cervix
RIPK1,LungAd,Kidney,Colon,Thyroid,LungSc,Liver,Kidney,Stomach,Esophagus,HeadNeck
MCRS1,LungAd,Kidney,HeadNeck,Liver,Esophagus,Thyroid,Stomach,Kidney,Uterus,Cervix
MED31,LungAd,Kidney,Thyroid,Stomach,Esophagus,Liver,HeadNeck,Kidney,HeadNeck,LungSc
MAIP1,LungAd,HeadNeck,Liver,Esophagus,Kidney,Kidney,Stomach,Cervix,Thyroid,Uterus
RNF8,Liver,Rectum,LungAd,LungAd,Kidney,Kidney,Liver,Uterus,Breast,Stomach
MAFB,Liver,Liver,Rectum,LungAd,Esophagus,Kidney,Breast,Bladder,Stomach,HeadNeck
DSG1,Liver,Esophagus,LungAd,Breast,Liver,Rectum,HeadNeck,LungSc,Bladder,Stomach
CALU,Liver,Rectum,Kidney,LungAd,LungAd,Stomach,Breast,Liver,Kidney,Uterus
SP100,LungAd,Liver,Kidney,Bladder,Esophagus,Stomach,Liver,LungSc,Rectum,HeadNeck
RAI14,Liver,Liver,Kidney,Rectum,Esophagus,Stomach,Kidney,LungAd,Breast,Bladder
ATF1,Liver,Rectum,Liver,Kidney,Esophagus,Stomach,Kidney,LungAd,LungAd,Bladder
PINX1,Liver,Liver,Kidney,Kidney,Stomach,Rectum,Breast,Bladder,LungSc,LungAd
ZER1,Liver,Kidney,Rectum,Liver,Kidney,Bladder,LungSc,LungAd,Stomach,Breast
PEBP1,Liver,Rectum,LungAd,Kidney,Liver,Kidney,LungAd,LungSc,Bladder,Uterus
STAU2,Liver,Kidney,Liver,Stomach,Kidney,Rectum,LungSc,LungAd,LungAd,Cervix
FBXW4,Esophagus,Liver,Rectum,LungAd,Liver,Stomach,HeadNeck,Kidney,Bladder,Prostate
RFX3,Rectum,Liver,Kidney,Kidney,LungAd,LungAd,Uterus,Bladder,Liver,LungAd
CRX,Liver,Liver,Rectum,Colon,Bladder,Breast,Kidney,LungSc,Esophagus,Thyroid
OCLN,Rectum,Liver,Kidney,LungAd,Kidney,Liver,LungSc,Bladder,LungAd,Uterus
LDB3,Liver,Kidney,Liver,Stomach,LungSc,Esophagus,Rectum,Kidney,LungAd,LungAd
CASP7,Rectum,Liver,Liver,Kidney,Kidney,LungSc,LungAd,Bladder,Colon,Esophagus
IRF2,Liver,Rectum,Liver,Esophagus,LungAd,Kidney,LungAd,Kidney,Stomach,LungSc
SAE1,Liver,Rectum,Liver,Kidney,LungSc,Kidney,Stomach,Colon,LungAd,Bladder
COPG1,Liver,Liver,Rectum,LungSc,Bladder,Kidney,Esophagus,Kidney,Stomach,Breast
BRAF,Liver,Rectum,Liver,Kidney,Kidney,LungSc,Bladder,LungAd,Cervix,Stomach
FBXL7,Rectum,Liver,Kidney,LungAd,Kidney,Liver,LungSc,Bladder,Uterus,Stomach
TYK2,Rectum,Liver,Kidney,Kidney,LungAd,Liver,Uterus,LungAd,Bladder,LungSc
SKA1,Liver,Kidney,Rectum,Liver,LungSc,Kidney,Stomach,Bladder,LungAd,LungAd
HDAC8,Rectum,Kidney,Liver,Kidney,Uterus,LungAd,Liver,LungAd,LungAd,LungSc
CDC26,Liver,Kidney,Liver,Rectum,Stomach,Bladder,Esophagus,LungSc,Kidney,LungAd
NSUN4,Rectum,Liver,LungAd,Colon,Kidney,LungSc,Liver,Bladder,Kidney,LungAd
POMP,Liver,Rectum,LungSc,Kidney,Kidney,Liver,LungAd,Bladder,Stomach,Colon
SRCAP,Rectum,LungAd,Liver,Kidney,Uterus,Kidney,Liver,LungAd,Bladder,LungSc
MSX1,Rectum,Liver,LungSc,Liver,Colon,Bladder,Kidney,Kidney,Stomach,LungAd
FOXK1,Rectum,Liver,Liver,Kidney,LungAd,Kidney,Bladder,LungAd,Cervix,Uterus
LEF1,Liver,Rectum,Liver,Kidney,Bladder,LungAd,Stomach,LungAd,Esophagus,Kidney
CALM3,Liver,Liver,Kidney,LungSc,Kidney,LungAd,Esophagus,Rectum,Stomach,Bladder
MAFG,Liver,Kidney,Rectum,Kidney,Liver,LungSc,LungAd,Stomach,Bladder,LungAd
SALL1,Liver,Rectum,Liver,LungSc,LungAd,Kidney,Bladder,Kidney,Stomach,Breast
ESCO2,Rectum,Liver,Kidney,Kidney,Liver,LungAd,Uterus,LungSc,Bladder,LungAd
DDX41,Rectum,Liver,Liver,Kidney,Kidney,Bladder,LungSc,Stomach,LungAd,Cervix
THAP1,Rectum,Kidney,Liver,Kidney,LungAd,Liver,LungSc,Uterus,Bladder,LungAd
NEDD8,Liver,Rectum,Liver,LungSc,Kidney,Breast,Bladder,Kidney,Colon,LungAd
RBM25,Rectum,Liver,Liver,LungSc,Kidney,LungAd,Colon,Kidney,Bladder,Stomach
GYS2,Liver,Kidney,Rectum,Liver,LungSc,Kidney,Bladder,Stomach,LungAd,Colon
SETX,Rectum,Liver,Kidney,Liver,Kidney,LungAd,LungAd,Bladder,Uterus,LungSc
CARM1,Rectum,Liver,Liver,LungSc,Kidney,Kidney,Colon,Bladder,Cervix,LungAd
GRWD1,Liver,Rectum,Liver,Colon,LungSc,Bladder,Stomach,Kidney,Kidney,Esophagus
MAML1,Liver,Rectum,Kidney,Liver,Kidney,LungAd,LungSc,Stomach,LungAd,Bladder
NLRP3,Liver,Rectum,Kidney,LungSc,Kidney,Liver,Stomach,LungAd,LungAd,Bladder
CCNB2,Liver,Rectum,Liver,Colon,LungSc,Kidney,Bladder,Breast,Thyroid,Breast
BATF2,Liver,Rectum,Kidney,Liver,LungSc,Kidney,Colon,Bladder,Stomach,LungAd
FOXK2,Liver,Rectum,Kidney,Liver,Kidney,LungSc,LungAd,LungAd,Stomach,Bladder
EPN1,Rectum,Liver,Kidney,Liver,LungSc,Kidney,Colon,Bladder,LungAd,Cervix
PGAM1,Liver,Rectum,Kidney,Kidney,Liver,LungAd,LungSc,LungAd,Stomach,Bladder
GLI3,Liver,Rectum,Liver,Kidney,LungSc,Kidney,Stomach,Bladder,LungAd,LungAd
RUNX3,Rectum,Liver,LungAd,Kidney,Kidney,Liver,Uterus,LungAd,Bladder,Breast
PPIL3,Colon,HeadNeck,Rectum,Uterus,Liver,HeadNeck,Bladder,Bladder,LungSc,Kidney
MYH7B,Colon,Rectum,HeadNeck,HeadNeck,LungAd,Bladder,Uterus,Cervix,Liver,Kidney
UBE2C,Rectum,Colon,HeadNeck,HeadNeck,Uterus,Bladder,Liver,LungAd,Cervix,Kidney
OAZ1,Colon,HeadNeck,Breast,Liver,LungAd,Rectum,Kidney,Bladder,HeadNeck,LungAd
WDR62,Colon,Rectum,Bladder,HeadNeck,Uterus,Cervix,Bladder,HeadNeck,LungAd,Kidney
TMED1,Colon,HeadNeck,LungSc,HeadNeck,Rectum,HeadNeck,Esophagus,Bladder,Liver,Uterus
LUC7L,Colon,HeadNeck,HeadNeck,HeadNeck,Bladder,Rectum,Breast,Uterus,LungAd,Liver
PPM1B,Colon,HeadNeck,Rectum,Bladder,Uterus,Cervix,LungAd,Kidney,Breast,HeadNeck
DAPK1,Colon,Rectum,Liver,HeadNeck,HeadNeck,Uterus,HeadNeck,Bladder,LungAd,Bladder
PALLD,LungSc,Liver,Liver,Esophagus,Bladder,Breast,Colon,HeadNeck,Bladder,LungAd
TLR3,Colon,Breast,HeadNeck,Bladder,Rectum,Kidney,LungAd,Bladder,LungSc,Bladder
TINF2,Rectum,Colon,HeadNeck,Liver,HeadNeck,Cervix,Kidney,Bladder,Kidney,Uterus
PSRC1,Colon,Breast,LungAd,Bladder,HeadNeck,Kidney,LungSc,Rectum,Bladder,Uterus
NSD1,Breast,Bladder,Colon,Kidney,LungAd,Rectum,HeadNeck,Liver,Liver,HeadNeck
RHEB,Colon,Rectum,HeadNeck,Bladder,Cervix,HeadNeck,Uterus,Bladder,LungAd,Kidney
HMGN2,Breast,Bladder,LungAd,Rectum,HeadNeck,Kidney,Bladder,Liver,Colon,Liver
PNISR,Breast,Rectum,Colon,Bladder,HeadNeck,Bladder,Liver,Kidney,Liver,LungAd
UBE2B,Breast,Rectum,Liver,Liver,Bladder,LungAd,HeadNeck,LungSc,Bladder,Kidney
HERC2,Colon,Rectum,Bladder,HeadNeck,Uterus,Cervix,LungAd,Bladder,HeadNeck,Breast
RNF11,Colon,Bladder,HeadNeck,Uterus,HeadNeck,HeadNeck,Cervix,LungAd,Breast,Rectum
UBE4A,Breast,Bladder,Colon,HeadNeck,Kidney,Bladder,Rectum,LungAd,HeadNeck,Uterus
FOXC1,Breast,Bladder,LungAd,Kidney,Liver,HeadNeck,Rectum,Bladder,Colon,Uterus
CALM1,Liver,Liver,LungSc,Bladder,LungAd,Esophagus,Breast,Bladder,Rectum,LungAd
ZWINT,Breast,Colon,HeadNeck,Bladder,Kidney,Rectum,LungAd,Bladder,Uterus,Liver
KDM5B,Colon,Breast,Liver,HeadNeck,LungAd,Liver,Rectum,Bladder,Bladder,Kidney
PON2,Breast,LungAd,Bladder,Kidney,HeadNeck,Rectum,Colon,LungSc,Uterus,Liver
NR0B2,Breast,Rectum,Bladder,Colon,Liver,Bladder,HeadNeck,LungAd,Kidney,Liver
NCBP2,Rectum,Breast,HeadNeck,Bladder,Kidney,LungAd,Uterus,Liver,Bladder,Liver
CDK13,Liver,LungSc,Breast,Liver,LungAd,Bladder,Bladder,Rectum,Esophagus,Kidney
CCNL2,Breast,Bladder,Liver,LungAd,Colon,LungSc,Kidney,Liver,Uterus,Rectum
GORAB,Liver,Liver,Breast,Bladder,Colon,LungSc,LungAd,Rectum,Bladder,LungAd
HELB,Breast,Liver,Colon,LungAd,Liver,Bladder,Bladder,LungSc,Rectum,Kidney
ERCC6,Rectum,HeadNeck,Colon,HeadNeck,Bladder,Bladder,Cervix,Liver,HeadNeck,LungAd
PLCE1,Breast,Liver,Liver,LungSc,Bladder,Colon,Rectum,LungAd,Bladder,Esophagus
STMN1,Rectum,Breast,Liver,Liver,Bladder,Cervix,LungAd,Kidney,HeadNeck,Bladder
MYO1A,Breast,Esophagus,Rectum,HeadNeck,Liver,LungAd,Kidney,Bladder,Bladder,HeadNeck
MYO1F,Breast,Liver,Bladder,Kidney,LungAd,Rectum,HeadNeck,LungSc,Liver,Colon
KIF2A,Breast,Bladder,Kidney,HeadNeck,LungAd,Rectum,HeadNeck,LungAd,Liver,Bladder
GMCL2,Breast,Liver,LungAd,Bladder,HeadNeck,Kidney,Bladder,LungSc,Rectum,HeadNeck
TBCA,Breast,LungAd,Bladder,Bladder,Kidney,HeadNeck,Rectum,Uterus,HeadNeck,Colon
HMGA2,Liver,Liver,Bladder,Colon,Breast,Esophagus,LungAd,Rectum,LungSc,LungAd
TFB1M,Breast,LungAd,Bladder,Colon,HeadNeck,Kidney,Rectum,LungSc,Liver,Bladder
DCLK1,Liver,Liver,Esophagus,LungSc,Bladder,Breast,LungAd,Bladder,Colon,LungAd
CLOCK,Liver,Liver,Esophagus,Breast,LungAd,Bladder,LungAd,Bladder,LungSc,Rectum
VRK1,Rectum,Liver,Breast,Liver,Bladder,HeadNeck,LungAd,Kidney,Thyroid,Esophagus
HAUS2,Breast,Bladder,Kidney,HeadNeck,Colon,LungAd,HeadNeck,Rectum,Bladder,Uterus
SON,Colon,Breast,Rectum,LungAd,HeadNeck,Bladder,LungSc,Liver,Kidney,Bladder
NCEH1,Breast,Bladder,Liver,LungAd,HeadNeck,Kidney,LungAd,Colon,Rectum,Liver
TTLL5,Colon,HeadNeck,Rectum,HeadNeck,Bladder,Cervix,Bladder,HeadNeck,LungSc,LungAd
RPAP2,Breast,Bladder,Colon,Kidney,HeadNeck,Bladder,LungAd,HeadNeck,Rectum,Uterus
DEAF1,Breast,LungAd,Liver,Bladder,Colon,Rectum,Kidney,Liver,LungSc,Bladder
SNAI2,Colon,Breast,Rectum,LungAd,Bladder,Liver,Bladder,HeadNeck,Kidney,LungSc
KDM6A,Breast,LungAd,Bladder,Colon,Liver,Rectum,HeadNeck,Kidney,LungSc,Liver
HAP1,Breast,LungAd,Rectum,Bladder,HeadNeck,Kidney,Colon,Bladder,Liver,Liver
MBD1,Liver,Liver,Breast,Colon,Bladder,Rectum,LungSc,Esophagus,LungAd,Thyroid
SUMO3,Liver,Liver,Bladder,Breast,Colon,Esophagus,Rectum,LungSc,HeadNeck,LungAd
TEAD1,LungAd,Breast,Colon,Kidney,HeadNeck,Rectum,Bladder,Bladder,Uterus,LungSc
HIC1,Colon,Rectum,HeadNeck,HeadNeck,Cervix,Bladder,LungAd,HeadNeck,Bladder,LungSc
TYRP1,Breast,Bladder,Kidney,Rectum,LungAd,Liver,HeadNeck,HeadNeck,Uterus,LungAd
PTBP2,Breast,Liver,LungAd,Bladder,Rectum,Colon,LungSc,HeadNeck,Bladder,Liver
COPB2,Liver,Breast,Bladder,LungAd,Kidney,LungSc,Rectum,Esophagus,LungAd,HeadNeck
EGLN3,Liver,Breast,Liver,LungAd,Esophagus,Rectum,LungSc,Bladder,LungAd,Kidney
FOXJ3,Breast,Liver,LungAd,Rectum,Bladder,Kidney,Colon,Bladder,HeadNeck,Thyroid
CLIC4,Liver,Breast,LungAd,Rectum,Colon,Liver,Esophagus,Bladder,LungSc,HeadNeck
DOCK2,Rectum,Bladder,Breast,LungAd,Colon,HeadNeck,LungAd,Liver,Breast,LungAd
NEXN,Breast,Liver,LungAd,Rectum,Bladder,Kidney,HeadNeck,LungAd,LungAd,Colon
TDG,Breast,Bladder,LungAd,Kidney,Colon,Bladder,Rectum,HeadNeck,LungAd,Uterus
SOS 2,Breast,Bladder,LungAd,Rectum,Kidney,LungAd,LungAd,Bladder,Breast,Colon
RMI1,Colon,Rectum,Bladder,Cervix,HeadNeck,HeadNeck,HeadNeck,LungAd,Bladder,Liver
NOD2,Colon,Rectum,Cervix,HeadNeck,Bladder,HeadNeck,LungAd,Bladder,HeadNeck,LungAd
XRN1,Colon,Rectum,Bladder,HeadNeck,Cervix,HeadNeck,HeadNeck,Breast,Bladder,LungAd
ELMO2,Colon,Rectum,Cervix,Bladder,Bladder,HeadNeck,Breast,HeadNeck,LungAd,Kidney
MYO5B,Colon,Rectum,Cervix,Bladder,HeadNeck,Breast,Bladder,Kidney,HeadNeck,LungAd
PEX3,LungAd,Kidney,Esophagus,Liver,Thyroid,Uterus,Colon,Prostate,Stomach,Prostate
ARF6,LungAd,Thyroid,Kidney,Liver,Esophagus,Uterus,Stomach,LungSc,Colon,HeadNeck
CAPZB,LungAd,Esophagus,Kidney,Thyroid,Liver,Uterus,LungSc,Kidney,Stomach,LungAd
RBL2,LungAd,Kidney,Uterus,Kidney,Liver,Esophagus,Thyroid,LungSc,Colon,HeadNeck
HAUS3,LungAd,Kidney,Kidney,Esophagus,Thyroid,LungSc,Uterus,Liver,Colon,HeadNeck
AP1G1,LungAd,Liver,Esophagus,Kidney,Thyroid,Uterus,Stomach,Kidney,Colon,Prostate
IQCB1,LungAd,Kidney,Esophagus,Thyroid,Liver,Kidney,Colon,Uterus,Stomach,LungSc
PSMD2,LungAd,Kidney,Kidney,Uterus,Thyroid,Esophagus,LungSc,Liver,Prostate,Colon
DPM1,Kidney,LungAd,Liver,Colon,Thyroid,Esophagus,Uterus,LungSc,Stomach,Prostate
RNF31,LungAd,Kidney,Kidney,Thyroid,Esophagus,Liver,LungSc,Colon,Stomach,Uterus
LCA5,LungAd,Kidney,Kidney,Thyroid,Uterus,Esophagus,Liver,LungSc,Colon,LungAd
STAG2,LungAd,Kidney,Uterus,Kidney,Liver,Thyroid,Esophagus,LungSc,Colon,Stomach
EPAS1,LungAd,Kidney,Uterus,Liver,Kidney,Esophagus,Thyroid,LungSc,HeadNeck,Colon
RBM8A,LungAd,Kidney,Kidney,Uterus,Thyroid,Liver,Esophagus,Colon,LungSc,Stomach
GPS2,LungAd,Liver,Kidney,Esophagus,Kidney,Uterus,Thyroid,LungSc,HeadNeck,Stomach
MGME1,LungAd,Kidney,Esophagus,Liver,Kidney,Uterus,Thyroid,LungSc,Stomach,Colon
NCK1,LungAd,Liver,Kidney,Esophagus,Uterus,Kidney,Thyroid,LungSc,HeadNeck,Stomach
BBS5,LungAd,Liver,Kidney,Esophagus,Thyroid,Uterus,LungSc,Kidney,Stomach,Colon
RASA1,LungAd,Thyroid,Kidney,Kidney,Esophagus,LungSc,Liver,Uterus,LungSc,Colon
MED30,LungAd,Kidney,Thyroid,Stomach,Esophagus,Liver,Colon,Kidney,HeadNeck,Bladder
SYNPO,LungAd,Liver,Esophagus,Kidney,Kidney,Thyroid,Uterus,LungAd,LungSc,Colon
MYO19,LungAd,Kidney,Esophagus,Liver,Kidney,Thyroid,Uterus,LungSc,Colon,LungAd
AGO1,LungAd,Liver,Thyroid,Esophagus,Kidney,Uterus,Stomach,Kidney,Colon,Prostate
WASL,LungAd,Esophagus,Kidney,Kidney,Liver,Thyroid,Uterus,Colon,LungSc,Stomach
DCTN2,LungAd,Liver,Esophagus,Kidney,Thyroid,Kidney,Uterus,Colon,Stomach,LungSc
FZR1,LungAd,Kidney,Liver,Esophagus,Kidney,Thyroid,Uterus,LungSc,Prostate,Colon
FBXW5,LungAd,Liver,Kidney,Esophagus,Uterus,Kidney,Thyroid,LungSc,LungAd,Stomach
DVL2,LungAd,Liver,Esophagus,Thyroid,Kidney,Kidney,Uterus,LungSc,Prostate,Stomach
FOXO1,LungAd,Kidney,Kidney,Liver,Thyroid,Esophagus,Uterus,LungSc,Prostate,Colon
NEDD4,LungAd,Esophagus,Kidney,Liver,Kidney,Thyroid,Uterus,Colon,Stomach,LungAd
FKBP8,LungAd,Kidney,Thyroid,Kidney,Uterus,Liver,Esophagus,Colon,LungSc,Prostate
HDAC7,LungAd,Liver,Kidney,Kidney,HeadNeck,Esophagus,Uterus,Thyroid,Stomach,LungSc
SP1,LungAd,Esophagus,Liver,Kidney,Thyroid,Kidney,Uterus,LungSc,Stomach,LungAd
CNOT9,LungAd,Kidney,Esophagus,Kidney,Liver,Thyroid,Stomach,Uterus,Colon,LungSc
NCBP1,LungAd,Liver,Kidney,Esophagus,Kidney,Thyroid,Uterus,LungSc,Stomach,Colon
PIAS4,LungAd,Thyroid,Esophagus,Kidney,Liver,Kidney,Uterus,LungSc,Stomach,Colon
TNNT1,LungAd,Kidney,Kidney,Thyroid,Colon,Esophagus,Uterus,LungSc,Liver,Stomach
TERT,LungAd,Liver,Esophagus,Kidney,Kidney,Thyroid,Uterus,LungSc,LungAd,Stomach
ZAP70,LungAd,Kidney,Kidney,Esophagus,LungSc,Thyroid,Uterus,Liver,Colon,LungAd
YAP1,LungAd,Kidney,Esophagus,Kidney,Liver,Thyroid,Uterus,LungSc,LungAd,Colon
TTC8,LungAd,Liver,Kidney,Esophagus,Thyroid,Uterus,LungSc,Stomach,Kidney,Prostate
HCFC1,LungAd,Kidney,Esophagus,Kidney,Liver,Thyroid,Uterus,LungAd,LungSc,Colon
CEP97,LungAd,Kidney,Kidney,Esophagus,Colon,Thyroid,Liver,Stomach,Uterus,LungSc
PPIB,LungAd,Kidney,Esophagus,Liver,Kidney,Uterus,Thyroid,LungSc,LungAd,Colon
ATF4,LungAd,Liver,Kidney,Esophagus,Kidney,Uterus,Thyroid,LungAd,Colon,LungSc
SCO1,LungAd,Kidney,Kidney,Esophagus,Liver,Uterus,Thyroid,LungSc,Colon,Stomach
ECT2,LungAd,Kidney,Kidney,Liver,Thyroid,Esophagus,Uterus,LungSc,Colon,Stomach
ERBB3,LungAd,Liver,Esophagus,Kidney,Kidney,Thyroid,Uterus,Stomach,HeadNeck,Prostate
VDAC3,LungAd,Kidney,Uterus,Thyroid,LungSc,Kidney,Liver,Colon,Esophagus,Prostate
RFC1,LungAd,Kidney,Kidney,Liver,Esophagus,Thyroid,Uterus,Stomach,Colon,LungSc
TBK1,LungAd,Kidney,Esophagus,Kidney,Uterus,Thyroid,Liver,LungSc,Colon,Prostate
AQR,LungAd,Kidney,Uterus,Kidney,Liver,Thyroid,Esophagus,LungSc,Colon,LungSc
NSL1,LungAd,Esophagus,Liver,Kidney,HeadNeck,Thyroid,Stomach,Uterus,LungSc,Cervix
UBB,LungAd,Kidney,Liver,Esophagus,Kidney,Thyroid,Uterus,Stomach,LungSc,LungAd
FAF1,LungAd,Thyroid,Kidney,Esophagus,Liver,Stomach,Kidney,Bladder,HeadNeck,LungSc
DDX21,LungAd,Liver,Thyroid,Esophagus,Kidney,Kidney,Uterus,Stomach,LungSc,LungAd
MYOM2,LungAd,Kidney,Esophagus,Liver,Kidney,Thyroid,Uterus,LungSc,Stomach,Colon
HDAC9,LungAd,Liver,Esophagus,Kidney,Uterus,Kidney,Thyroid,LungSc,HeadNeck,LungSc
SUMO1,LungAd,Kidney,Liver,Kidney,Esophagus,Uterus,Thyroid,Prostate,LungSc,LungSc
RFC4,LungAd,Kidney,Liver,Kidney,Esophagus,Thyroid,Uterus,LungSc,Stomach,LungAd
MBD3,LungAd,Liver,Kidney,Thyroid,Esophagus,Kidney,Uterus,Colon,Stomach,Bladder
HDAC6,LungAd,Kidney,Liver,Esophagus,Uterus,Kidney,LungAd,Thyroid,Prostate,Rectum
ETS1,LungAd,Liver,Esophagus,Thyroid,Kidney,Kidney,Stomach,LungSc,Bladder,Uterus
FADD,LungAd,Kidney,Liver,HeadNeck,Thyroid,Esophagus,Stomach,Kidney,Colon,Uterus
PDIA3,LungAd,Kidney,Kidney,Esophagus,Thyroid,Uterus,Liver,LungSc,Colon,Stomach
TAL1,LungAd,Liver,Kidney,Kidney,Esophagus,Uterus,Thyroid,HeadNeck,LungSc,Stomach
CIR1,LungAd,Liver,Esophagus,HeadNeck,Kidney,Thyroid,Uterus,Stomach,Kidney,Cervix
MAVS,LungAd,Kidney,Kidney,Thyroid,Esophagus,Uterus,LungSc,Colon,Liver,LungAd
BCAR1,LungAd,Kidney,Liver,Esophagus,Uterus,Kidney,Thyroid,Colon,LungAd,Prostate
MED24,LungAd,Kidney,Thyroid,Esophagus,Stomach,Colon,Liver,Kidney,HeadNeck,LungSc
CCNA2,LungAd,Liver,Kidney,Esophagus,Uterus,LungAd,Kidney,Thyroid,LungSc,Rectum
E2F3,LungAd,Kidney,Esophagus,Liver,Kidney,Uterus,Thyroid,Colon,Prostate,LungSc
XRCC5,LungAd,Kidney,Kidney,Thyroid,Esophagus,Uterus,Liver,Colon,LungSc,Prostate
TSC1,LungAd,Liver,Esophagus,Thyroid,Kidney,Kidney,Uterus,Stomach,LungSc,LungAd
REST,LungAd,Kidney,Liver,Esophagus,Kidney,Uterus,Thyroid,LungSc,Stomach,LungAd
COX7C,LungAd,Liver,Thyroid,Kidney,Esophagus,Kidney,LungSc,Uterus,Stomach,Prostate
PAAF1,LungAd,Kidney,Thyroid,Esophagus,Liver,Kidney,Stomach,HeadNeck,Colon,Uterus
TAB1,LungAd,Kidney,Kidney,Esophagus,Liver,Uterus,Thyroid,LungSc,Stomach,Colon
WAPL,LungAd,Liver,Esophagus,HeadNeck,Kidney,Thyroid,Uterus,LungSc,Stomach,Colon
PCGF1,LungAd,Esophagus,Liver,Kidney,Kidney,Thyroid,Uterus,LungSc,LungAd,Stomach
AP1M2,LungAd,Liver,Esophagus,Kidney,Kidney,Thyroid,Uterus,Colon,Stomach,Prostate
DCTN4,LungAd,Kidney,Esophagus,Kidney,Liver,Thyroid,Uterus,Stomach,Colon,LungSc
PSMD8,LungAd,Kidney,Esophagus,Thyroid,Liver,LungSc,Uterus,Kidney,Stomach,HeadNeck
ORC6,LungAd,Liver,Thyroid,Kidney,Kidney,Esophagus,Uterus,Colon,HeadNeck,LungSc
ORC1,LungAd,Liver,Esophagus,Kidney,Thyroid,Kidney,LungSc,Stomach,Uterus,LungAd
FANCB,LungAd,Kidney,Esophagus,Thyroid,Kidney,Liver,Stomach,Colon,Uterus,LungSc
U2AF1,LungAd,Kidney,Kidney,Thyroid,Esophagus,Liver,Uterus,Stomach,HeadNeck,LungSc
ORC2,LungAd,Liver,Esophagus,Thyroid,Kidney,Kidney,Uterus,LungSc,Stomach,LungSc
FBXW8,LungAd,Liver,Esophagus,Kidney,Thyroid,Kidney,Uterus,Stomach,LungSc,Prostate
DDX20,LungAd,Liver,Esophagus,Kidney,Uterus,Kidney,Thyroid,LungAd,LungSc,Prostate
SF3B2,LungAd,Kidney,Kidney,Uterus,Prostate,LungSc,Liver,Colon,Esophagus,Thyroid
SEC13,LungAd,Kidney,Kidney,Thyroid,Esophagus,Liver,Colon,Uterus,LungSc,Stomach
CSPP1,LungAd,Thyroid,Kidney,Liver,Stomach,Esophagus,HeadNeck,Colon,LungSc,HeadNeck
KRT83,LungAd,Kidney,Esophagus,Liver,Thyroid,Kidney,Uterus,LungSc,Stomach,LungAd
SMAD7,LungAd,Liver,Kidney,HeadNeck,Esophagus,Thyroid,Kidney,Uterus,Stomach,LungSc
ATF2,LungAd,Liver,Esophagus,Thyroid,Kidney,Kidney,Uterus,LungSc,Stomach,LungSc
SF3A3,LungAd,Esophagus,Kidney,Liver,Kidney,Thyroid,Uterus,LungAd,Stomach,LungSc
CUL7,LungAd,Liver,Esophagus,Kidney,Kidney,Thyroid,Uterus,Stomach,LungSc,HeadNeck
CD79B,LungAd,Liver,Kidney,Thyroid,Esophagus,HeadNeck,Uterus,Stomach,Kidney,LungSc
EIF3I,LungAd,Kidney,Kidney,Uterus,Liver,Thyroid,Colon,LungSc,Esophagus,Bladder
MRM1,LungAd,Kidney,Kidney,Thyroid,Esophagus,Uterus,Liver,LungSc,Colon,Prostate
DDX42,LungAd,Kidney,Liver,Esophagus,Kidney,Thyroid,Uterus,LungAd,LungSc,Stomach
NR2C2,LungAd,Esophagus,Liver,Kidney,Kidney,Thyroid,Uterus,LungSc,Stomach,LungAd
RBBP7,LungAd,Kidney,Liver,Esophagus,Uterus,Kidney,Prostate,Thyroid,Colon,LungSc
DHX15,LungAd,Kidney,Liver,Kidney,Uterus,Esophagus,Thyroid,Prostate,Colon,LungSc
DLG1,LungAd,Liver,Kidney,Esophagus,Thyroid,Stomach,Kidney,Uterus,Cervix,Colon
TAF4,LungAd,Kidney,Kidney,Esophagus,Liver,Thyroid,Uterus,Prostate,Colon,LungSc
DHX8,LungAd,Kidney,Kidney,Esophagus,Thyroid,Liver,Uterus,LungSc,Stomach,LungAd
DCAF4,LungAd,Liver,Kidney,Esophagus,Thyroid,HeadNeck,Stomach,Kidney,Uterus,Cervix
FOS,LungAd,Kidney,Liver,Uterus,Prostate,Colon,Esophagus,Kidney,LungSc,LungSc
DISC1,LungAd,Kidney,Esophagus,Liver,Kidney,Thyroid,Stomach,Uterus,LungSc,Colon
THOC2,LungAd,Kidney,Kidney,Uterus,Thyroid,Esophagus,Liver,Colon,LungSc,Stomach
CLK2,LungAd,Liver,Esophagus,Kidney,Kidney,Thyroid,Uterus,Colon,LungAd,LungSc
TNNT2,LungAd,Kidney,Esophagus,Kidney,Liver,Thyroid,Colon,Stomach,Uterus,LungSc
SF3A2,LungAd,LungSc,Kidney,Thyroid,Liver,Esophagus,Bladder,Colon,Kidney,Uterus
PSMD7,LungAd,Kidney,Kidney,Liver,Thyroid,Esophagus,Uterus,Prostate,LungSc,Stomach
NBN,LungAd,Kidney,Liver,Esophagus,Thyroid,Kidney,Uterus,Colon,Prostate,Rectum
DOK2,LungAd,Kidney,Liver,Colon,Thyroid,LungSc,Kidney,Prostate,Uterus,Esophagus
MCM4,LungAd,Kidney,Liver,Kidney,Esophagus,Thyroid,Uterus,Prostate,Bladder,LungSc
CEP63,LungAd,Liver,Esophagus,Kidney,Kidney,Thyroid,Uterus,LungSc,Stomach,Prostate
MTA2,LungAd,Kidney,Liver,Thyroid,Colon,Uterus,Prostate,Kidney,LungSc,Esophagus
MMS19,LungAd,Kidney,Kidney,Esophagus,Uterus,Thyroid,Liver,LungSc,Stomach,Colon
EIF3B,LungAd,Kidney,Kidney,Colon,Uterus,Thyroid,LungSc,Liver,Esophagus,Stomach
PRPS1,LungAd,Thyroid,Esophagus,Kidney,Liver,Stomach,Kidney,Uterus,Prostate,LungSc
TEFM,LungAd,Liver,Kidney,Esophagus,Kidney,Thyroid,HeadNeck,Uterus,Stomach,LungSc
LMNB2,LungAd,Liver,Esophagus,Kidney,Kidney,Thyroid,Uterus,LungSc,LungAd,Stomach
CNOT1,LungAd,Kidney,Esophagus,Kidney,Thyroid,Stomach,Liver,Colon,LungSc,Uterus
CDK7,LungAd,Liver,Kidney,Esophagus,Kidney,Thyroid,Uterus,LungAd,LungSc,Stomach
PHC1,LungAd,Kidney,Thyroid,Kidney,Esophagus,Stomach,Liver,LungSc,Uterus,Colon
CBX4,LungAd,Liver,Kidney,Esophagus,Thyroid,Kidney,Uterus,Stomach,LungSc,Prostate
MED13,LungAd,Kidney,Kidney,Thyroid,Liver,Esophagus,Uterus,LungSc,Prostate,LungAd
BUB3,LungAd,Liver,Kidney,Esophagus,Kidney,Thyroid,Uterus,LungAd,Colon,Stomach
HMGB1,LungAd,Liver,Kidney,Kidney,Esophagus,Thyroid,Uterus,LungSc,HeadNeck,Stomach
KRT81,LungAd,Kidney,Kidney,Esophagus,Liver,Uterus,Thyroid,LungSc,Stomach,Prostate
PPIF,LungAd,Kidney,Liver,Esophagus,LungAd,Uterus,Kidney,LungSc,Thyroid,LungSc
PAK1,LungAd,Kidney,Kidney,Esophagus,Thyroid,Liver,Uterus,Colon,LungSc,Bladder
MED1,LungAd,Kidney,Kidney,Esophagus,Liver,LungSc,Thyroid,Uterus,Prostate,LungSc
TAF11,LungAd,Kidney,Kidney,Thyroid,Colon,Stomach,Esophagus,Liver,LungSc,Cervix
LSM 2.00,LungAd,Kidney,Kidney,Esophagus,Thyroid,Uterus,Liver,LungSc,Colon,Prostate
RFC5,LungAd,Esophagus,Liver,HeadNeck,Kidney,LungSc,Thyroid,Uterus,Stomach,HeadNeck
TAF7L,LungAd,Kidney,Thyroid,Colon,Esophagus,Stomach,Kidney,Liver,Cervix,HeadNeck
TAF2,LungAd,Kidney,Kidney,Thyroid,Liver,Esophagus,Uterus,Colon,Stomach,HeadNeck
MED17,LungAd,Kidney,Kidney,Thyroid,Esophagus,Liver,Uterus,LungSc,Prostate,LungSc
MED18,LungAd,Kidney,Thyroid,Kidney,Esophagus,Stomach,Liver,Colon,LungSc,Cervix
NPC1,LungAd,Kidney,Thyroid,Kidney,Esophagus,LungSc,Liver,Colon,Stomach,Uterus
NUP43,LungAd,Esophagus,Kidney,Thyroid,Liver,Stomach,Uterus,LungSc,HeadNeck,HeadNeck
SRSF1,LungAd,Kidney,Esophagus,Liver,Kidney,Uterus,Thyroid,Prostate,LungAd,LungSc
NR4A1,LungAd,Liver,Kidney,HeadNeck,Thyroid,Esophagus,Kidney,Uterus,Stomach,LungSc
RBM22,LungAd,Liver,HeadNeck,Kidney,Esophagus,Thyroid,Stomach,Kidney,Uterus,LungSc
ILK,LungAd,Liver,Kidney,Thyroid,Esophagus,Kidney,Uterus,HeadNeck,Colon,Stomach
LIMA1,LungAd,Liver,Kidney,Kidney,Esophagus,Thyroid,Uterus,HeadNeck,Stomach,LungSc
ACD,Liver,LungAd,Kidney,Thyroid,Esophagus,Colon,Bladder,Prostate,Stomach,LungSc
CTBP2,LungAd,Kidney,Liver,Esophagus,Kidney,Uterus,LungAd,Thyroid,Colon,Rectum
PTEN,LungAd,Kidney,Kidney,Thyroid,Esophagus,Liver,Uterus,LungSc,LungAd,Stomach
PPIL1,LungAd,Kidney,Kidney,Liver,Uterus,Thyroid,Esophagus,Stomach,LungSc,HeadNeck
PLRG1,LungAd,Kidney,Thyroid,Esophagus,Liver,Kidney,Stomach,Cervix,Uterus,Prostate
MED16,LungAd,Kidney,Uterus,Kidney,Liver,Thyroid,Esophagus,LungSc,LungSc,LungAd
SRSF4,LungAd,Liver,Kidney,Kidney,Esophagus,Thyroid,Uterus,LungSc,HeadNeck,Stomach
CD79A,LungAd,Kidney,Thyroid,Liver,HeadNeck,Stomach,Esophagus,Colon,Cervix,Kidney
PINK1,LungAd,Kidney,Kidney,Thyroid,Esophagus,Stomach,Liver,Colon,LungSc,Cervix
EPN3,Esophagus,LungAd,Kidney,Liver,Thyroid,LungSc,Stomach,Uterus,HeadNeck,HeadNeck
MED20,LungAd,Kidney,Esophagus,Kidney,Liver,Uterus,Thyroid,LungSc,Stomach,LungAd
UBXN1,LungAd,Liver,Kidney,Esophagus,Kidney,Thyroid,HeadNeck,Uterus,LungSc,Stomach
MATR3,LungAd,Liver,LungSc,Esophagus,Uterus,Kidney,Thyroid,Kidney,HeadNeck,Colon
SRPK2,LungAd,Kidney,Kidney,Esophagus,Thyroid,Stomach,Liver,Cervix,LungSc,Uterus
BECN1,LungAd,Liver,Esophagus,Kidney,HeadNeck,Thyroid,Kidney,Stomach,Uterus,Bladder
MMAB,LungAd,Esophagus,Liver,Kidney,Kidney,Uterus,LungSc,Thyroid,LungAd,Stomach
MED19,LungAd,Kidney,Kidney,Thyroid,Esophagus,Stomach,Colon,Liver,Cervix,LungSc
FLOT1,LungAd,Kidney,Liver,Esophagus,Thyroid,HeadNeck,Stomach,Colon,LungSc,Kidney
MED26,LungAd,Kidney,Kidney,Esophagus,Uterus,Liver,Thyroid,LungSc,Stomach,LungSc
EZH1,LungAd,Liver,Esophagus,Kidney,Thyroid,LungSc,HeadNeck,Uterus,Kidney,Colon
MED8,LungAd,Kidney,Kidney,Thyroid,Esophagus,Liver,Uterus,LungSc,Colon,Stomach
UHRF2,LungAd,Kidney,HeadNeck,Liver,Thyroid,Esophagus,Stomach,Kidney,Cervix,Uterus
PHC3,LungAd,Kidney,HeadNeck,Thyroid,Liver,Esophagus,Stomach,Uterus,Cervix,LungSc
MED6,LungAd,Kidney,Kidney,Esophagus,Thyroid,Liver,Stomach,LungSc,Uterus,Cervix
MED11,LungAd,Kidney,Kidney,Esophagus,Liver,Thyroid,Uterus,LungSc,Stomach,LungSc
ORC3,LungAd,Kidney,Thyroid,Esophagus,Liver,Kidney,Stomach,LungSc,Uterus,Bladder
DHX30,LungAd,Liver,Kidney,Kidney,Esophagus,Uterus,Thyroid,LungSc,LungAd,Stomach
TRAF2,LungAd,Uterus,Thyroid,LungSc,Liver,Kidney,Esophagus,Kidney,Colon,LungSc
MSH5,LungAd,Liver,Kidney,Kidney,Esophagus,Thyroid,Uterus,HeadNeck,Stomach,LungSc
MED10,LungAd,Kidney,Esophagus,Thyroid,Stomach,Liver,Kidney,Colon,HeadNeck,Cervix
SURF1,LungAd,Liver,Kidney,Esophagus,Thyroid,HeadNeck,Stomach,Colon,LungSc,Kidney
MED14,LungAd,Kidney,Kidney,Esophagus,Thyroid,Liver,Uterus,LungAd,LungSc,Stomach
PSMD4,LungAd,Kidney,Kidney,Thyroid,Liver,Esophagus,Uterus,Prostate,Colon,LungSc
TAF1,LungAd,Kidney,Kidney,Thyroid,Esophagus,Liver,Colon,LungSc,Uterus,Prostate
SENP3,LungAd,Esophagus,Kidney,Liver,Kidney,Uterus,Thyroid,LungAd,LungSc,Stomach
CCNA1,LungAd,Liver,Kidney,Esophagus,Thyroid,HeadNeck,Stomach,Kidney,Cervix,LungSc
UBE3A,LungAd,Liver,Kidney,Kidney,Thyroid,Esophagus,Uterus,HeadNeck,Stomach,LungSc
SF3B4,LungAd,Thyroid,Kidney,Liver,Esophagus,Kidney,Stomach,Bladder,LungSc,Uterus
UCHL5,LungAd,Liver,Kidney,Esophagus,Kidney,HeadNeck,Thyroid,Uterus,Stomach,LungSc
PPIE,LungAd,Kidney,Thyroid,LungSc,Liver,Esophagus,Bladder,Colon,Kidney,Stomach
PSMD9,LungAd,Liver,Kidney,Kidney,Thyroid,Esophagus,Uterus,HeadNeck,LungSc,Stomach
PSMD3,LungAd,Kidney,Kidney,Thyroid,Esophagus,Liver,LungSc,Uterus,Colon,Prostate
PSMD1,LungAd,Kidney,Thyroid,Kidney,Esophagus,Colon,Liver,LungSc,Stomach,Uterus
STOM,LungAd,Liver,Kidney,Esophagus,Thyroid,Kidney,HeadNeck,Stomach,Uterus,LungSc
IRS4,LungAd,Liver,HeadNeck,Esophagus,Kidney,Kidney,Thyroid,Stomach,Uterus,Bladder
TAB2,LungAd,Liver,Kidney,Esophagus,Kidney,Thyroid,HeadNeck,Stomach,Uterus,Colon
ELOC,LungAd,Liver,Kidney,Thyroid,LungSc,Esophagus,Colon,Kidney,Bladder,Cervix
TERF2,LungAd,Kidney,Thyroid,Esophagus,Kidney,Liver,Stomach,LungSc,Uterus,Prostate
PHF5A,LungAd,Kidney,Thyroid,Liver,Esophagus,Stomach,HeadNeck,Bladder,Cervix,Kidney
PSMD5,LungAd,Kidney,Liver,Thyroid,Esophagus,HeadNeck,Stomach,Kidney,Colon,LungSc
FXR1,LungAd,Kidney,Thyroid,Liver,Stomach,Esophagus,HeadNeck,Colon,Cervix,Kidney
MED23,LungAd,Kidney,Kidney,Thyroid,Liver,Esophagus,Bladder,Prostate,Uterus,Stomach
PAK2,LungAd,Liver,Kidney,Esophagus,HeadNeck,Kidney,Stomach,Thyroid,Uterus,LungSc
SRSF7,LungAd,Liver,Kidney,Esophagus,Kidney,Thyroid,HeadNeck,Stomach,Uterus,LungSc
VCAM1,LungAd,Liver,Kidney,Esophagus,Kidney,Thyroid,HeadNeck,Stomach,Uterus,LungSc
NANOG,LungAd,Liver,HeadNeck,Esophagus,Kidney,Kidney,Stomach,Thyroid,Uterus,Cervix
SKIL,LungAd,Liver,Kidney,Thyroid,Esophagus,Kidney,Uterus,Stomach,LungSc,Colon
LARP7,LungAd,Liver,Kidney,Thyroid,Esophagus,Kidney,Uterus,LungSc,Stomach,LungSc
MYH6,LungAd,Liver,Kidney,Esophagus,Thyroid,Kidney,HeadNeck,Uterus,Stomach,LungSc
ISY1,LungAd,Kidney,Liver,Thyroid,HeadNeck,Esophagus,Stomach,Uterus,Kidney,LungSc
MFN2,LungAd,Kidney,Liver,Thyroid,Esophagus,HeadNeck,Stomach,Kidney,Cervix,Colon
ORC4,LungAd,Thyroid,Liver,Kidney,Esophagus,Colon,Bladder,LungSc,HeadNeck,Stomach
SF3B6,LungAd,Liver,Kidney,Thyroid,Esophagus,Kidney,Uterus,LungSc,Stomach,LungSc
SF3B5,LungAd,Liver,Kidney,Thyroid,Esophagus,HeadNeck,Stomach,Uterus,Kidney,Bladder
DCTN3,LungAd,Liver,Kidney,Esophagus,Kidney,Thyroid,Uterus,LungSc,Stomach,Colon
TAF13,LungAd,Kidney,Kidney,Thyroid,Uterus,Liver,Colon,LungSc,LungSc,Cervix
MGST1,LungAd,Liver,Kidney,Kidney,Esophagus,Thyroid,Colon,HeadNeck,Uterus,Stomach
MED29,LungAd,Kidney,Stomach,Esophagus,LungSc,Thyroid,Colon,HeadNeck,Liver,Kidney
UGDH,LungAd,Esophagus,Liver,Kidney,Thyroid,HeadNeck,LungSc,Stomach,Uterus,HeadNeck
CRBN,LungAd,Liver,HeadNeck,Esophagus,Kidney,Kidney,Stomach,Thyroid,Bladder,Cervix
LEO1,LungAd,Esophagus,Liver,Kidney,Thyroid,HeadNeck,LungSc,Uterus,Stomach,HeadNeck
GNAI1,LungAd,Esophagus,Liver,Kidney,Thyroid,Stomach,HeadNeck,Uterus,HeadNeck,LungSc
LRWD1,LungAd,Esophagus,Kidney,Liver,Thyroid,Stomach,HeadNeck,Uterus,LungSc,Cervix
FREM2,Esophagus,Rectum,HeadNeck,Colon,Colon,Uterus,Rectum,Kidney,Bladder,Colon
IFFO1,LungAd,HeadNeck,HeadNeck,Colon,LungSc,Liver,Kidney,Bladder,HeadNeck,Rectum
DDX18,Rectum,Esophagus,LungAd,Uterus,HeadNeck,Colon,Colon,LungSc,Colon,Kidney
AP3M2,Kidney,Esophagus,Thyroid,Prostate,LungAd,Liver,Rectum,Stomach,HeadNeck,Uterus
ARL 3.00,Esophagus,HeadNeck,Rectum,Rectum,Uterus,Colon,Kidney,Colon,Uterus,KidneyPap
ACOT9,Colon,LungAd,Kidney,Esophagus,LungSc,Rectum,Uterus,Liver,Prostate,HeadNeck
ANLN,LungAd,Uterus,LungSc,Colon,HeadNeck,Esophagus,Kidney,LungAd,Thyroid,Rectum
AP3S1,Rectum,LungAd,Uterus,LungSc,Colon,Esophagus,Colon,HeadNeck,Kidney,Colon
ACSM5,Liver,Uterus,Rectum,HeadNeck,Colon,Kidney,Esophagus,Prostate,LungSc,Bladder
BMP1,Rectum,Uterus,LungAd,Esophagus,Colon,Kidney,HeadNeck,Esophagus,LungSc,Liver
DSG2,Esophagus,Rectum,HeadNeck,Colon,Prostate,Rectum,Bladder,Kidney,Bladder,Colon
AP4B1,Esophagus,Esophagus,HeadNeck,Uterus,Kidney,Rectum,Bladder,Thyroid,Rectum,LungSc
B9D1,LungAd,Kidney,Uterus,Colon,Rectum,Esophagus,Prostate,Thyroid,Liver,LungSc
B9D2,Uterus,Colon,Rectum,LungAd,Kidney,Liver,Esophagus,HeadNeck,Colon,Bladder
TAFA4,Esophagus,Rectum,HeadNeck,Uterus,Colon,Colon,LungSc,Colon,Kidney,Bladder
TRAF6,LungAd,Liver,Kidney,LungAd,Kidney,Prostate,Rectum,LungSc,HeadNeck,KidneyPap
AP4M1,Esophagus,LungSc,Kidney,LungAd,Rectum,Esophagus,HeadNeck,Uterus,Thyroid,Prostate
DSC2,Colon,Uterus,Kidney,LungAd,Liver,Rectum,HeadNeck,Esophagus,Bladder,Thyroid
GNAQ,Rectum,Colon,Esophagus,HeadNeck,Rectum,Kidney,Esophagus,Prostate,Uterus,Bladder
GNA12,Esophagus,LungAd,Rectum,HeadNeck,Uterus,Colon,LungSc,Colon,Prostate,Colon
COMP,Esophagus,Rectum,HeadNeck,Colon,Kidney,Colon,Uterus,LungSc,LungAd,Esophagus
GBF1,Colon,Liver,Bladder,Uterus,HeadNeck,LungSc,Bladder,HeadNeck,Uterus,HeadNeck
ARF1,HeadNeck,Esophagus,Rectum,Esophagus,Kidney,LungSc,Thyroid,Rectum,Uterus,Bladder
ABHD5,Esophagus,Rectum,KidneyPap,Rectum,HeadNeck,Colon,Thyroid,Uterus,Breast,Rectum
LAMB3,LungAd,Colon,Rectum,HeadNeck,LungSc,Kidney,Uterus,Colon,Thyroid,Esophagus
GNA13,LungAd,Uterus,Colon,Rectum,Kidney,LungSc,HeadNeck,Esophagus,Colon,Esophagus
CHRD,Kidney,Colon,Rectum,Prostate,Esophagus,Esophagus,HeadNeck,Thyroid,Uterus,Liver
COQ9,LungAd,LungSc,Rectum,HeadNeck,Esophagus,Prostate,Prostate,HeadNeck,Kidney,Colon
CDC42,LungAd,LungSc,Kidney,Colon,Esophagus,Uterus,HeadNeck,Thyroid,Thyroid,Prostate
CBX5,LungAd,Kidney,LungAd,Liver,Prostate,Kidney,LungSc,KidneyPap,HeadNeck,HeadNeck
AP4E1,Esophagus,LungAd,LungSc,HeadNeck,Esophagus,Kidney,Rectum,Thyroid,Prostate,Uterus
BSN,Esophagus,Rectum,HeadNeck,Rectum,Uterus,Prostate,Colon,Bladder,Cervix,Esophagus
VDAC1,LungAd,Kidney,Liver,LungAd,Prostate,KidneyPap,Kidney,HeadNeck,HeadNeck,LungSc
PLIN5,Kidney,Esophagus,Colon,Liver,Prostate,Rectum,Rectum,HeadNeck,Esophagus,Uterus
WNT3A,Rectum,LungAd,HeadNeck,Esophagus,Colon,Colon,Uterus,LungSc,Kidney,Esophagus
AP2S1,LungAd,Kidney,Liver,LungAd,Prostate,Kidney,LungSc,KidneyPap,HeadNeck,HeadNeck
DLG4,LungAd,Prostate,LungSc,HeadNeck,Prostate,Uterus,HeadNeck,Esophagus,Kidney,Rectum
C1D,Colon,Liver,HeadNeck,Bladder,Uterus,Esophagus,LungSc,LungAd,LungAd,Kidney
FREM1,Colon,Kidney,Rectum,Rectum,HeadNeck,Esophagus,Esophagus,Prostate,LungSc,Cervix
TFAM,LungAd,Kidney,Liver,LungAd,Prostate,LungSc,HeadNeck,KidneyPap,Kidney,HeadNeck
TKT,LungAd,HeadNeck,Thyroid,Colon,HeadNeck,Kidney,LungSc,Liver,HeadNeck,Esophagus
PIGU,Esophagus,HeadNeck,Kidney,Rectum,Colon,Esophagus,LungAd,LungSc,Uterus,Colon
PIGS,Esophagus,Kidney,HeadNeck,Colon,Rectum,Esophagus,Uterus,Colon,LungAd,LungSc
INHA,Esophagus,Rectum,HeadNeck,Rectum,Colon,Colon,Uterus,Cervix,Bladder,Colon
PDGFA,Esophagus,Rectum,Rectum,HeadNeck,KidneyPap,Colon,Rectum,Colon,Bladder,Bladder
BMP7,Esophagus,Rectum,Rectum,HeadNeck,Colon,KidneyPap,Bladder,Colon,Uterus,Colon
C1QC,Esophagus,Rectum,KidneyPap,HeadNeck,Rectum,Rectum,Colon,Uterus,Prostate,Bladder
CXCL2,Esophagus,Rectum,Rectum,HeadNeck,KidneyPap,Rectum,Colon,Colon,Thyroid,Kidney
APOA1,LungAd,LungSc,HeadNeck,Rectum,Thyroid,Prostate,Esophagus,Kidney,Prostate,HeadNeck
COG6,Esophagus,Colon,Rectum,Rectum,HeadNeck,LungSc,Colon,Uterus,Bladder,Prostate
EGFL7,Colon,Kidney,Rectum,HeadNeck,Esophagus,Esophagus,Rectum,Prostate,Uterus,Liver
PIGT,Esophagus,Colon,HeadNeck,Kidney,Rectum,Rectum,LungSc,Esophagus,Uterus,Colon
RAB3A,Esophagus,Rectum,Rectum,HeadNeck,Colon,KidneyPap,Colon,Rectum,Bladder,Kidney
CD3E,LungAd,Kidney,Thyroid,HeadNeck,Rectum,Esophagus,HeadNeck,LungSc,Prostate,Bladder
C1QA,Esophagus,Rectum,Colon,KidneyPap,Rectum,HeadNeck,Colon,Colon,Rectum,Uterus
ACTN1,LungAd,LungAd,Uterus,Kidney,Liver,Colon,Kidney,Rectum,LungSc,LungAd
CRKL,LungAd,LungSc,Prostate,Prostate,Rectum,HeadNeck,HeadNeck,Thyroid,HeadNeck,Kidney
NOXA1,Colon,Liver,HeadNeck,Kidney,Esophagus,LungAd,Bladder,HeadNeck,Stomach,Thyroid
RAB3B,Esophagus,Rectum,HeadNeck,Rectum,Colon,Colon,Rectum,KidneyPap,Kidney,Bladder
PKP2,Kidney,Colon,Esophagus,Liver,Prostate,HeadNeck,Uterus,Thyroid,Rectum,Esophagus
PLIN1,Kidney,HeadNeck,Rectum,Esophagus,Esophagus,Rectum,Uterus,Prostate,Colon,LungSc
ITCH,Colon,Liver,Esophagus,LungSc,Bladder,HeadNeck,Rectum,HeadNeck,LungAd,Kidney
MYBPH,Esophagus,HeadNeck,Liver,LungSc,Colon,Thyroid,Kidney,Rectum,Bladder,Uterus
GRM2,LungAd,Colon,Rectum,Kidney,Esophagus,HeadNeck,Uterus,Thyroid,LungSc,Esophagus
GAN,Colon,Liver,Rectum,Bladder,LungSc,HeadNeck,HeadNeck,HeadNeck,Cervix,LungAd
COA6,HeadNeck,Esophagus,Esophagus,Kidney,Rectum,Thyroid,Uterus,Liver,Prostate,Stomach
ACSL4,Rectum,Esophagus,KidneyPap,Rectum,HeadNeck,Rectum,Thyroid,Kidney,Colon,Cervix
COQ8B,Esophagus,Liver,HeadNeck,Colon,Kidney,Thyroid,LungSc,Rectum,Bladder,Prostate
CCL5,Rectum,Esophagus,Rectum,KidneyPap,HeadNeck,Colon,Thyroid,Colon,Rectum,Kidney
CTAG2,Colon,HeadNeck,Liver,HeadNeck,Esophagus,LungAd,Rectum,LungSc,Stomach,Bladder
DNAI2,HeadNeck,Esophagus,Thyroid,Liver,Kidney,Esophagus,LungSc,Rectum,Bladder,Colon
NLGN1,Esophagus,HeadNeck,HeadNeck,LungSc,Colon,Uterus,Liver,Thyroid,Prostate,Esophagus
ZBED1,Liver,Colon,LungAd,Rectum,HeadNeck,Cervix,LungSc,Bladder,HeadNeck,Esophagus
XRCC4,HeadNeck,LungAd,Rectum,Liver,Esophagus,LungSc,HeadNeck,Bladder,LungAd,HeadNeck
CENPJ,Esophagus,Thyroid,Kidney,Stomach,LungAd,HeadNeck,Liver,Bladder,Uterus,Uterus
IRS1,LungAd,Liver,Esophagus,Uterus,Kidney,Kidney,Thyroid,LungSc,Rectum,Colon
KDM2B,LungAd,Liver,Esophagus,HeadNeck,LungSc,Thyroid,Colon,Stomach,Cervix,Rectum
BIRC2,LungAd,Uterus,Kidney,Liver,Esophagus,LungSc,Kidney,LungSc,Thyroid,Rectum
ALDOA,Uterus,LungAd,Esophagus,Liver,Kidney,Thyroid,LungSc,Kidney,LungAd,Colon
CFLAR,Liver,Esophagus,LungAd,Colon,Kidney,Prostate,Uterus,Bladder,LungSc,HeadNeck
BRCA2,LungAd,Liver,Kidney,Uterus,Esophagus,LungSc,Kidney,Thyroid,Colon,Bladder
ANK3,Esophagus,Thyroid,Kidney,Liver,HeadNeck,Stomach,Bladder,Uterus,Prostate,Colon
FOXO3,LungAd,Esophagus,Liver,Uterus,Kidney,Kidney,Thyroid,Rectum,LungSc,Cervix
EPN2,Esophagus,LungAd,Liver,HeadNeck,Thyroid,Kidney,Stomach,HeadNeck,Bladder,LungSc
CAV2,Liver,LungAd,Esophagus,Kidney,Thyroid,Kidney,Uterus,Prostate,LungSc,Colon
FOXS1,LungAd,Esophagus,HeadNeck,Liver,Thyroid,HeadNeck,Uterus,Stomach,Kidney,LungSc
DERL3,Esophagus,Kidney,Liver,LungAd,Thyroid,LungSc,Stomach,HeadNeck,Prostate,Colon
NAGK,Esophagus,Liver,HeadNeck,LungAd,Kidney,Stomach,Thyroid,HeadNeck,Bladder,LungSc
ERAL1,LungAd,Liver,Kidney,Uterus,Kidney,Esophagus,Thyroid,LungSc,Prostate,Bladder
BID,LungAd,Esophagus,Kidney,Liver,Thyroid,Stomach,Uterus,Cervix,LungSc,Bladder
PARD3,LungAd,Esophagus,Liver,Thyroid,HeadNeck,Stomach,Kidney,LungSc,Uterus,Colon
ATF5,Esophagus,Liver,Kidney,Thyroid,Colon,HeadNeck,Stomach,LungSc,Prostate,Bladder
CLIP2,Esophagus,Liver,Thyroid,Kidney,Colon,HeadNeck,LungSc,Stomach,Bladder,Prostate
AP3B2,Esophagus,Liver,HeadNeck,Kidney,Stomach,Thyroid,Bladder,LungSc,Prostate,Colon
ACTN3,LungAd,Liver,Esophagus,Uterus,Thyroid,Kidney,Kidney,Prostate,Colon,LungSc
CRK,LungAd,Uterus,Esophagus,Kidney,Liver,Rectum,Kidney,Thyroid,LungAd,LungSc
AGR2,Liver,Esophagus,Kidney,LungAd,Thyroid,Uterus,Prostate,LungSc,Colon,Stomach
PLK4,LungAd,Liver,Esophagus,Kidney,LungSc,Rectum,Thyroid,Bladder,Stomach,Colon
GRIP1,Esophagus,Liver,HeadNeck,Thyroid,LungSc,Uterus,Kidney,Colon,Stomach,Prostate
ACLY,Liver,Esophagus,LungAd,Thyroid,Kidney,LungSc,Stomach,HeadNeck,Uterus,HeadNeck
NR2F6,LungAd,Esophagus,Liver,Thyroid,Kidney,LungSc,Stomach,HeadNeck,Cervix,HeadNeck
CASQ2,Esophagus,Liver,Kidney,LungAd,Thyroid,LungSc,Stomach,HeadNeck,Prostate,Colon
CCL24,Esophagus,LungAd,Liver,Kidney,LungSc,Thyroid,Uterus,Stomach,Cervix,Colon
CCL8,LungAd,Kidney,Esophagus,Thyroid,Uterus,Liver,LungSc,Cervix,Kidney,LungAd
DCP1A,LungAd,Uterus,Esophagus,Liver,Kidney,Kidney,Thyroid,Rectum,LungAd,LungSc
APOC1,Esophagus,Liver,LungAd,Kidney,Thyroid,Stomach,HeadNeck,Bladder,LungSc,Uterus
APOH,Esophagus,Liver,Kidney,Thyroid,LungSc,HeadNeck,Colon,Stomach,Prostate,Bladder
NUP93,LungAd,Esophagus,Kidney,Thyroid,Liver,Uterus,Stomach,LungSc,Cervix,Colon
DRD2,Esophagus,Liver,Kidney,LungAd,Thyroid,Stomach,HeadNeck,Bladder,LungSc,Uterus
MKKS,Esophagus,LungAd,Kidney,Liver,Thyroid,Stomach,HeadNeck,Bladder,HeadNeck,LungSc
PAF1,LungAd,Esophagus,Liver,Kidney,HeadNeck,LungSc,Thyroid,Stomach,Uterus,Rectum
FANCC,LungAd,Uterus,Esophagus,Kidney,Liver,Kidney,Thyroid,LungSc,Colon,LungSc
CISD2,LungAd,Esophagus,Liver,Uterus,Kidney,Thyroid,Rectum,Kidney,Colon,LungAd
GSK3A,LungAd,Esophagus,Liver,Kidney,Thyroid,Stomach,Bladder,LungSc,Uterus,HeadNeck
MACF1,Liver,Esophagus,LungAd,Kidney,HeadNeck,LungSc,Stomach,Thyroid,Colon,Bladder
IDH3A,LungAd,Esophagus,Liver,Kidney,Thyroid,LungSc,Uterus,Stomach,HeadNeck,HeadNeck
ADRM1,LungAd,Esophagus,Liver,Thyroid,Kidney,Uterus,Stomach,Rectum,Bladder,LungSc
BMX,LungAd,Liver,Esophagus,Uterus,Thyroid,Kidney,Kidney,LungSc,Rectum,Prostate
DDX28,Esophagus,Liver,Kidney,HeadNeck,Bladder,Thyroid,Stomach,LungSc,LungAd,Uterus
HAUS5,Esophagus,Kidney,Liver,LungAd,Thyroid,Stomach,HeadNeck,LungSc,HeadNeck,Cervix
CISD3,LungAd,Liver,Esophagus,Uterus,Kidney,Thyroid,Prostate,Kidney,LungSc,Stomach
DCAF1,LungAd,Esophagus,Kidney,Liver,Thyroid,Stomach,LungSc,Uterus,HeadNeck,Prostate
PYM1,LungAd,Esophagus,Liver,Kidney,HeadNeck,Thyroid,Stomach,LungSc,Cervix,Bladder
ACOT4,Liver,Kidney,Esophagus,Uterus,Thyroid,Prostate,Colon,Prostate,Bladder,LungSc
BLK,LungAd,Esophagus,Liver,Kidney,Uterus,Kidney,Thyroid,Rectum,LungSc,Colon
SCP2,Esophagus,Liver,Kidney,LungAd,Thyroid,Uterus,Stomach,Prostate,Bladder,Uterus
SUGP1,LungAd,Esophagus,Liver,Stomach,HeadNeck,Thyroid,Kidney,Bladder,Colon,Rectum
MIS12,LungAd,Liver,Esophagus,Kidney,Thyroid,HeadNeck,LungSc,Uterus,Stomach,Rectum
LAT,LungAd,Esophagus,Liver,Kidney,Thyroid,Stomach,Bladder,HeadNeck,Cervix,LungSc
PARP2,LungAd,Liver,Esophagus,Kidney,Uterus,Thyroid,LungSc,Kidney,HeadNeck,Stomach
EPC1,LungAd,Esophagus,Liver,Kidney,Thyroid,Stomach,Cervix,LungSc,Colon,HeadNeck
AEBP2,LungAd,Liver,Esophagus,Kidney,Thyroid,Rectum,Stomach,Uterus,LungSc,Kidney
ERH,LungAd,Liver,Esophagus,Kidney,HeadNeck,Thyroid,Stomach,LungSc,Uterus,Colon
GNL3,LungAd,Liver,Esophagus,Kidney,Thyroid,LungSc,Stomach,Cervix,Bladder,HeadNeck
NFYC,LungAd,Esophagus,Liver,HeadNeck,Kidney,Stomach,Thyroid,Uterus,LungSc,Rectum
CCL17,LungAd,Esophagus,Liver,Kidney,Thyroid,Stomach,LungSc,HeadNeck,Cervix,Uterus
MLH3,LungAd,Esophagus,Liver,Kidney,Thyroid,Stomach,HeadNeck,Bladder,Cervix,HeadNeck
CEP19,Esophagus,Liver,Kidney,LungAd,HeadNeck,LungSc,Stomach,Thyroid,Colon,Uterus
ELK1,LungAd,Liver,Esophagus,Kidney,Thyroid,Uterus,LungSc,Stomach,HeadNeck,Kidney
TOP2A,LungAd,Liver,Esophagus,HeadNeck,Rectum,Bladder,Stomach,HeadNeck,Colon,Kidney
PPM1G,LungAd,Liver,Esophagus,HeadNeck,Kidney,Stomach,Rectum,LungSc,Thyroid,HeadNeck
DHX9,LungAd,Esophagus,Liver,Kidney,Thyroid,Uterus,Stomach,Kidney,LungSc,Rectum
BAG1,Esophagus,Liver,LungAd,Kidney,Thyroid,Stomach,LungSc,HeadNeck,Prostate,Uterus
NR1H3,LungAd,Esophagus,Liver,Kidney,Uterus,HeadNeck,Kidney,LungSc,Thyroid,Stomach
FMR1,LungAd,Liver,Esophagus,Kidney,Thyroid,LungSc,Uterus,HeadNeck,Stomach,Colon
SATB2,LungAd,Esophagus,Liver,Kidney,Uterus,Thyroid,LungSc,Stomach,Uterus,Rectum
PSME3,LungAd,Esophagus,Kidney,Liver,Thyroid,Stomach,Uterus,Uterus,LungSc,Cervix
PDE12,LungAd,Esophagus,Liver,Kidney,Uterus,Kidney,Thyroid,Rectum,Stomach,Bladder
RAB2A,LungAd,Esophagus,Liver,Kidney,Stomach,Thyroid,HeadNeck,LungSc,Cervix,Bladder
ARPC4,LungAd,Esophagus,Liver,Kidney,Thyroid,Stomach,LungSc,Uterus,HeadNeck,Cervix
ATF6B,Liver,Esophagus,Kidney,Thyroid,LungSc,Stomach,Colon,HeadNeck,Prostate,LungAd
CCL20,Liver,LungAd,Esophagus,Kidney,Thyroid,Stomach,HeadNeck,LungSc,Bladder,Colon
SIAH1,LungAd,Liver,Esophagus,HeadNeck,Kidney,Rectum,Thyroid,LungSc,Stomach,HeadNeck
CISD1,Esophagus,LungAd,Liver,Kidney,Thyroid,Stomach,LungSc,Bladder,Cervix,HeadNeck
RBM14,LungAd,Liver,Esophagus,Kidney,LungSc,Thyroid,Stomach,Uterus,Kidney,HeadNeck
CBX2,LungAd,Esophagus,Liver,Kidney,Thyroid,Stomach,HeadNeck,LungSc,Uterus,Colon
DCAF7,LungAd,Liver,Esophagus,Kidney,Thyroid,Rectum,Uterus,Stomach,LungSc,Colon
MED7,LungAd,Esophagus,Liver,Kidney,Thyroid,Uterus,Stomach,Rectum,Uterus,Kidney
CMC1,Esophagus,Liver,LungAd,Kidney,Thyroid,LungSc,Stomach,HeadNeck,Uterus,Prostate
FAF2,LungAd,Liver,Esophagus,Kidney,Thyroid,Uterus,LungSc,Stomach,Cervix,Kidney
TRADD,LungAd,Liver,Esophagus,Kidney,Thyroid,Stomach,HeadNeck,LungSc,Uterus,Cervix
DDX1,LungAd,Liver,Esophagus,Kidney,Thyroid,Stomach,LungSc,HeadNeck,Colon,Uterus
ATF3,LungAd,Liver,Esophagus,Kidney,Thyroid,LungSc,Stomach,Uterus,HeadNeck,Rectum
CPT1A,Liver,Esophagus,LungAd,Kidney,Thyroid,Stomach,HeadNeck,LungSc,Bladder,HeadNeck
EAF1,LungAd,HeadNeck,Esophagus,Liver,Rectum,Stomach,Kidney,Colon,Kidney,HeadNeck
MRM3,LungAd,Liver,Esophagus,Kidney,Thyroid,LungSc,Uterus,Uterus,Prostate,Kidney
LYRM7,Liver,LungAd,Esophagus,Kidney,Thyroid,Uterus,Prostate,Kidney,LungSc,Stomach
NFYB,LungAd,LungAd,Liver,Uterus,Kidney,Kidney,LungSc,Stomach,Esophagus,Rectum
LYRM4,Liver,Kidney,Esophagus,LungAd,Kidney,Stomach,LungSc,Colon,LungSc,Cervix
CBR4,Liver,Kidney,Kidney,LungAd,Esophagus,Stomach,LungSc,Rectum,Liver,Cervix
NUP88,LungAd,Kidney,LungSc,LungAd,Kidney,Liver,Rectum,Stomach,Uterus,Esophagus
SMAD6,Liver,Kidney,LungSc,Kidney,Stomach,Rectum,LungAd,Esophagus,Liver,Esophagus
LRP2,Kidney,Liver,LungAd,LungSc,Kidney,LungAd,Stomach,Rectum,Esophagus,Liver
JAK1,Liver,Kidney,LungAd,LungAd,Rectum,LungAd,Stomach,Breast,Uterus,Kidney
STAT2,Rectum,Liver,Kidney,LungAd,LungAd,Uterus,LungSc,Kidney,Liver,Stomach
RELB,LungAd,Liver,LungAd,Kidney,Rectum,Kidney,Liver,LungAd,Stomach,Esophagus
PELI3,Esophagus,Liver,LungAd,Liver,Stomach,Kidney,Kidney,Prostate,Thyroid,Cervix
LRIF1,Liver,Kidney,LungSc,Stomach,Kidney,Esophagus,Esophagus,LungAd,Liver,Cervix
PPARD,Liver,Kidney,LungAd,Kidney,Liver,LungAd,Rectum,Esophagus,Stomach,LungSc
GFAP,Liver,LungAd,Kidney,Esophagus,Liver,LungAd,Kidney,Rectum,Stomach,Bladder
CDCA5,Kidney,LungAd,Liver,Stomach,LungAd,Kidney,Rectum,Liver,LungSc,Esophagus
MTO1,Liver,Kidney,Kidney,Stomach,Liver,Cervix,Esophagus,LungAd,Rectum,LungSc
CPSF7,Liver,Kidney,Liver,Kidney,Esophagus,Stomach,LungAd,Rectum,LungSc,LungAd
GRIA4,Kidney,Liver,Kidney,LungSc,LungAd,Stomach,Liver,LungAd,Cervix,Esophagus
RBM28,Esophagus,LungAd,Liver,Liver,Kidney,Stomach,Rectum,LungSc,LungAd,Prostate
EIF3L,Liver,Kidney,Stomach,Esophagus,Liver,Kidney,LungSc,LungAd,LungAd,Colon
ENY2,Rectum,Kidney,Kidney,Liver,LungAd,LungSc,Liver,LungAd,Stomach,Uterus
LIN9,Liver,Kidney,Stomach,Kidney,Rectum,Liver,LungAd,Colon,LungSc,LungAd
DDX46,Liver,LungAd,Esophagus,Rectum,Kidney,Stomach,Liver,LungAd,Kidney,Bladder
SENP2,Rectum,LungAd,Kidney,LungAd,Liver,LungAd,Kidney,Uterus,Liver,Bladder
LATS1,Liver,Kidney,Rectum,LungAd,LungAd,Stomach,Kidney,Liver,Uterus,Esophagus
DOK1,Liver,Kidney,Rectum,Kidney,Liver,LungAd,Cervix,Stomach,LungAd,LungAd
EHMT2,Esophagus,Liver,Liver,LungAd,Kidney,Kidney,Rectum,Stomach,LungSc,LungAd
MEF2A,Kidney,LungAd,Liver,Liver,Stomach,Rectum,LungSc,LungAd,Esophagus,Kidney
GRB10,Liver,Rectum,Kidney,Liver,Stomach,Esophagus,LungAd,Kidney,LungAd,Breast
ARL 6.00,Liver,Kidney,Esophagus,Stomach,Liver,Kidney,LungSc,LungAd,LungAd,Bladder
CCR5,Liver,Kidney,Liver,Esophagus,Rectum,Kidney,Stomach,LungAd,LungAd,LungSc
AVIL,Liver,Kidney,Liver,Kidney,Esophagus,LungSc,Stomach,LungAd,LungAd,Bladder
HELLS,Kidney,Rectum,Kidney,Liver,Liver,LungSc,Cervix,LungAd,Thyroid,LungAd
CELF1,Kidney,LungAd,Liver,Liver,Esophagus,Stomach,Kidney,Rectum,LungAd,Bladder
CENPV,Liver,Kidney,Liver,Kidney,LungAd,Stomach,LungSc,Cervix,Esophagus,Bladder
MCMBP,Rectum,Kidney,Liver,LungAd,Kidney,LungAd,Liver,Uterus,Stomach,Bladder
CDC45,Liver,Esophagus,Rectum,LungAd,Liver,HeadNeck,Stomach,Kidney,Bladder,Kidney
CCND3,Rectum,Kidney,Liver,Liver,Kidney,LungAd,LungAd,LungSc,Stomach,Bladder
SYNE2,Rectum,Liver,Kidney,Kidney,Liver,LungAd,LungAd,LungSc,Uterus,Stomach
ATRIP,Liver,Liver,Rectum,Kidney,LungSc,LungAd,Bladder,Stomach,Esophagus,Cervix
H2BFS,Rectum,Liver,Kidney,Kidney,LungAd,Liver,Uterus,LungAd,LungAd,LungSc
SREK1,Rectum,Kidney,Liver,Kidney,LungAd,Uterus,Liver,LungAd,LungAd,LungSc
IRF1,Rectum,Liver,Kidney,Kidney,Liver,LungAd,LungAd,Cervix,LungSc,Bladder
PRC1,LungAd,Rectum,Liver,HeadNeck,Bladder,Esophagus,Kidney,HeadNeck,Colon,LungAd
HNF4A,Rectum,Liver,Kidney,Kidney,Liver,Uterus,LungAd,LungSc,LungAd,Cervix
CKAP2,Kidney,Liver,LungAd,Thyroid,Cervix,LungAd,LungSc,Stomach,Liver,Kidney
BAAT,Kidney,Liver,Kidney,Liver,Thyroid,LungSc,Stomach,LungSc,Esophagus,LungAd
BAZ2A,Kidney,LungAd,Liver,Liver,Thyroid,Cervix,Stomach,LungAd,LungSc,Colon
JUNB,Rectum,Colon,LungAd,Liver,HeadNeck,Esophagus,LungSc,HeadNeck,Bladder,Kidney
NUP37,Kidney,LungAd,LungSc,Rectum,Kidney,Thyroid,LungAd,Liver,Liver,Stomach
BMPR2,Kidney,Thyroid,Liver,Stomach,LungAd,Esophagus,LungAd,Rectum,Liver,LungAd
LIN37,LungAd,LungSc,Thyroid,Kidney,Rectum,Liver,LungAd,Cervix,Stomach,Kidney
ARPC5,Kidney,LungAd,Thyroid,Stomach,Liver,Esophagus,Rectum,LungAd,LungSc,Uterus
GNAI3,LungAd,Kidney,Kidney,LungSc,Liver,Liver,Rectum,LungAd,Thyroid,Stomach
FOXO6,Kidney,LungAd,Liver,Stomach,LungAd,LungSc,Thyroid,Cervix,Rectum,LungAd
CD2AP,Kidney,LungAd,Liver,LungSc,Uterus,Thyroid,LungAd,Esophagus,Stomach,Kidney
STRAP,LungAd,Liver,Esophagus,Kidney,HeadNeck,Stomach,Kidney,LungSc,Uterus,LungAd
NCK2,Esophagus,LungAd,Liver,Kidney,Liver,Stomach,Kidney,LungSc,Cervix,HeadNeck
FOXM1,LungAd,Kidney,Liver,LungSc,Uterus,Thyroid,Kidney,Esophagus,Rectum,LungAd
OPTN,Rectum,Liver,LungAd,Bladder,HeadNeck,Colon,Esophagus,HeadNeck,Kidney,Stomach
PUF60,LungAd,Esophagus,Liver,Kidney,Stomach,Liver,Thyroid,Kidney,LungSc,Cervix
ID2,LungAd,Liver,Esophagus,Kidney,Liver,Bladder,Stomach,Thyroid,LungSc,Uterus
EGR1,LungAd,Kidney,Liver,Esophagus,Liver,Rectum,Kidney,LungAd,Stomach,Thyroid
AGO3,Liver,Kidney,Liver,Esophagus,Stomach,LungSc,LungAd,Bladder,Rectum,Kidney
ARNT2,LungAd,Kidney,Liver,Liver,Esophagus,LungSc,Thyroid,Colon,Stomach,Cervix
ORC5,LungAd,Kidney,LungSc,Kidney,Rectum,Liver,LungAd,Thyroid,LungSc,Stomach
NUPR1,LungAd,Esophagus,Liver,Kidney,Liver,Uterus,Rectum,Kidney,LungAd,Stomach
CDC6,Liver,LungAd,Liver,Esophagus,Rectum,Kidney,Kidney,Cervix,Bladder,Colon
CCNT1,LungAd,Kidney,Liver,Esophagus,Kidney,Colon,Liver,Rectum,LungAd,LungSc
AHR,Liver,Esophagus,LungAd,Kidney,Bladder,Liver,Stomach,Thyroid,LungSc,Prostate
CASP9,Liver,Esophagus,Liver,LungAd,Kidney,Rectum,Bladder,Stomach,LungSc,Kidney
CALD1,Liver,Liver,Esophagus,Kidney,Stomach,LungAd,Bladder,Kidney,LungSc,Rectum
ABCF1,Liver,Kidney,Esophagus,LungAd,Uterus,LungSc,Liver,Bladder,Prostate,Stomach
AURKC,Liver,Liver,LungAd,Esophagus,Bladder,Kidney,LungSc,Stomach,HeadNeck,Thyroid
CASP6,Liver,Liver,Kidney,Bladder,LungAd,Rectum,LungSc,Esophagus,Cervix,LungAd
DDX23,Kidney,LungAd,Kidney,Rectum,LungSc,Liver,Liver,LungAd,Thyroid,LungAd
AAK1,Liver,Esophagus,Kidney,LungSc,Liver,Bladder,Stomach,Uterus,LungAd,Prostate
API5,Liver,LungAd,Kidney,Liver,Esophagus,Stomach,Rectum,Thyroid,Bladder,Kidney
